Calculation1,School,City,County/State/ Territory,Count,All,Female,Male
ACADEMY OUR LADY OF PEACE52820,ACADEMY OUR LADY OF PEACE,San Diego,San Diego,App,91,89,
ACADEMY OUR LADY OF PEACE52820,ACADEMY OUR LADY OF PEACE,San Diego,San Diego,Adm,54,54,
ACADEMY OUR LADY OF PEACE52820,ACADEMY OUR LADY OF PEACE,San Diego,San Diego,Enr,28,28,
AGBU MANOOGIAN-DEMIRDJIAN SCH50462,AGBU MANOOGIAN-DEMIRDJIAN SCH,Canoga Park,Los Angeles,App,18,11,7
AGBU MANOOGIAN-DEMIRDJIAN SCH50462,AGBU MANOOGIAN-DEMIRDJIAN SCH,Canoga Park,Los Angeles,Adm,12,7,5
AGBU MANOOGIAN-DEMIRDJIAN SCH50462,AGBU MANOOGIAN-DEMIRDJIAN SCH,Canoga Park,Los Angeles,Enr,8,5,3
AGBU VATCHE AND TAMAR MANOUKIAN HS54246,AGBU VATCHE AND TAMAR MANOUKIAN HS,Pasadena,Los Angeles,App,17,12,5
AGBU VATCHE AND TAMAR MANOUKIAN HS54246,AGBU VATCHE AND TAMAR MANOUKIAN HS,Pasadena,Los Angeles,Adm,9,6,3
AL ARQAM COLL PREPARATORY SCH54175,AL ARQAM COLL PREPARATORY SCH,Sacramento,Sacramento,App,13,7,6
AL ARQAM COLL PREPARATORY SCH54175,AL ARQAM COLL PREPARATORY SCH,Sacramento,Sacramento,Adm,8,4,4
ALSION MONTESSORI MIDDLE/HIGH53989,ALSION MONTESSORI MIDDLE/HIGH,Fremont,Alameda,App,6,,
ALSION MONTESSORI MIDDLE/HIGH53989,ALSION MONTESSORI MIDDLE/HIGH,Fremont,Alameda,Adm,3,,
ALVERNO HIGH SCHOOL53378,ALVERNO HIGH SCHOOL,Sierra Madre,Los Angeles,App,16,16,
ALVERNO HIGH SCHOOL53378,ALVERNO HIGH SCHOOL,Sierra Madre,Los Angeles,Adm,8,8,
ALVERNO HIGH SCHOOL53378,ALVERNO HIGH SCHOOL,Sierra Madre,Los Angeles,Enr,4,4,
AMERICAN UNIVERSITY PREP SCHL54820,AMERICAN UNIVERSITY PREP SCHL,Los Angeles,Los Angeles,App,7,,
AMERICAN UNIVERSITY PREP SCHL54820,AMERICAN UNIVERSITY PREP SCHL,Los Angeles,Los Angeles,Adm,4,3,
AMERICAN UNIVERSITY PREP SCHL54820,AMERICAN UNIVERSITY PREP SCHL,Los Angeles,Los Angeles,Enr,3,,
ANAHEIM DISC CHRISTIAN J/S HS50146,ANAHEIM DISC CHRISTIAN J/S HS,Anaheim,Orange,Adm,3,,
APOSTLES LUTHERAN SCHOOL54682,APOSTLES LUTHERAN SCHOOL,San Jose,Santa Clara,App,5,,
AQUINAS HIGH SCHOOL52772,AQUINAS HIGH SCHOOL,San Bernardino,San Bernardino,App,42,24,18
AQUINAS HIGH SCHOOL52772,AQUINAS HIGH SCHOOL,San Bernardino,San Bernardino,Adm,33,18,15
AQUINAS HIGH SCHOOL52772,AQUINAS HIGH SCHOOL,San Bernardino,San Bernardino,Enr,19,10,9
ARCHBISHOP MITTY HIGH SCHOOL53078,ARCHBISHOP MITTY HIGH SCHOOL,San Jose,Santa Clara,App,265,132,132
ARCHBISHOP MITTY HIGH SCHOOL53078,ARCHBISHOP MITTY HIGH SCHOOL,San Jose,Santa Clara,Adm,148,78,69
ARCHBISHOP MITTY HIGH SCHOOL53078,ARCHBISHOP MITTY HIGH SCHOOL,San Jose,Santa Clara,Enr,64,33,31
ARCHBISHOP RIORDAN HIGH SCHOOL53000,ARCHBISHOP RIORDAN HIGH SCHOOL,San Francisco,San Francisco,App,62,,60
ARCHBISHOP RIORDAN HIGH SCHOOL53000,ARCHBISHOP RIORDAN HIGH SCHOOL,San Francisco,San Francisco,Adm,30,,29
ARCHBISHOP RIORDAN HIGH SCHOOL53000,ARCHBISHOP RIORDAN HIGH SCHOOL,San Francisco,San Francisco,Enr,14,,13
ARCHER SCHOOL FOR GIRLS52339,ARCHER SCHOOL FOR GIRLS,Los Angeles,Los Angeles,App,25,23,
ARCHER SCHOOL FOR GIRLS52339,ARCHER SCHOOL FOR GIRLS,Los Angeles,Los Angeles,Adm,12,12,
ARCHER SCHOOL FOR GIRLS52339,ARCHER SCHOOL FOR GIRLS,Los Angeles,Los Angeles,Enr,3,3,
ARMENIAN MESROBIAN HIGH SCHOOL52653,ARMENIAN MESROBIAN HIGH SCHOOL,Pico Rivera,Los Angeles,App,5,,
ARMENIAN MESROBIAN HIGH SCHOOL52653,ARMENIAN MESROBIAN HIGH SCHOOL,Pico Rivera,Los Angeles,Adm,4,,
ARMY AND NAVY ACADEMY50470,ARMY AND NAVY ACADEMY,Carlsbad,San Diego,App,41,,39
ARMY AND NAVY ACADEMY50470,ARMY AND NAVY ACADEMY,Carlsbad,San Diego,Adm,19,,18
ARMY AND NAVY ACADEMY50470,ARMY AND NAVY ACADEMY,Carlsbad,San Diego,Enr,10,,10
ARROWHEAD CHRISTIAN ACADEMY52774,ARROWHEAD CHRISTIAN ACADEMY,Redlands,San Bernardino,App,21,13,7
ARROWHEAD CHRISTIAN ACADEMY52774,ARROWHEAD CHRISTIAN ACADEMY,Redlands,San Bernardino,Adm,12,10,
ARROWHEAD CHRISTIAN ACADEMY52774,ARROWHEAD CHRISTIAN ACADEMY,Redlands,San Bernardino,Enr,7,6,
ARROYO PACIFIC ACADEMY50144,ARROYO PACIFIC ACADEMY,Arcadia,Los Angeles,App,16,5,10
ARROYO PACIFIC ACADEMY50144,ARROYO PACIFIC ACADEMY,Arcadia,Los Angeles,Adm,8,5,3
ARROYO PACIFIC ACADEMY50144,ARROYO PACIFIC ACADEMY,Arcadia,Los Angeles,Enr,6,5,
ATHENIAN SCHOOL50724,ATHENIAN SCHOOL,Danville,Contra Costa,App,43,22,21
ATHENIAN SCHOOL50724,ATHENIAN SCHOOL,Danville,Contra Costa,Adm,33,17,16
ATHENIAN SCHOOL50724,ATHENIAN SCHOOL,Danville,Contra Costa,Enr,11,5,6
BAKERSFIELD CHRISTIAN HS50208,BAKERSFIELD CHRISTIAN HS,Bakersfield,Kern,App,33,16,17
BAKERSFIELD CHRISTIAN HS50208,BAKERSFIELD CHRISTIAN HS,Bakersfield,Kern,Adm,16,9,7
BAKERSFIELD CHRISTIAN HS50208,BAKERSFIELD CHRISTIAN HS,Bakersfield,Kern,Enr,6,3,3
BASIS INDEPENDENT SILICON VLY54776,BASIS INDEPENDENT SILICON VLY,San Jose,Santa Clara,App,69,31,38
BASIS INDEPENDENT SILICON VLY54776,BASIS INDEPENDENT SILICON VLY,San Jose,Santa Clara,Adm,58,26,32
BASIS INDEPENDENT SILICON VLY54776,BASIS INDEPENDENT SILICON VLY,San Jose,Santa Clara,Enr,31,14,17
BAY SCHOOL OF SAN FRANCISCO53985,BAY SCHOOL OF SAN FRANCISCO,San Francisco,San Francisco,App,46,23,23
BAY SCHOOL OF SAN FRANCISCO53985,BAY SCHOOL OF SAN FRANCISCO,San Francisco,San Francisco,Adm,22,12,10
BAY SCHOOL OF SAN FRANCISCO53985,BAY SCHOOL OF SAN FRANCISCO,San Francisco,San Francisco,Enr,8,4,4
BELLARMINE COLLEGE PREPARATORY53080,BELLARMINE COLLEGE PREPARATORY,San Jose,Santa Clara,App,245,,245
BELLARMINE COLLEGE PREPARATORY53080,BELLARMINE COLLEGE PREPARATORY,San Jose,Santa Clara,Adm,139,,139
BELLARMINE COLLEGE PREPARATORY53080,BELLARMINE COLLEGE PREPARATORY,San Jose,Santa Clara,Enr,35,,35
BELLARMINE-JEFFERSON HS50380,BELLARMINE-JEFFERSON HS,Burbank,Los Angeles,App,8,,6
BELLARMINE-JEFFERSON HS50380,BELLARMINE-JEFFERSON HS,Burbank,Los Angeles,Adm,4,,4
BELLARMINE-JEFFERSON HS50380,BELLARMINE-JEFFERSON HS,Burbank,Los Angeles,Enr,3,,3
BENTLEY SCHOOL51300,BENTLEY SCHOOL,Lafayette,Contra Costa,App,59,33,26
BENTLEY SCHOOL51300,BENTLEY SCHOOL,Lafayette,Contra Costa,Adm,40,25,15
BENTLEY SCHOOL51300,BENTLEY SCHOOL,Lafayette,Contra Costa,Enr,11,7,4
BEREAN CHRISTIAN HIGH SCHOOL53683,BEREAN CHRISTIAN HIGH SCHOOL,Walnut Creek,Contra Costa,App,28,13,14
BEREAN CHRISTIAN HIGH SCHOOL53683,BEREAN CHRISTIAN HIGH SCHOOL,Walnut Creek,Contra Costa,Adm,17,8,8
BEREAN CHRISTIAN HIGH SCHOOL53683,BEREAN CHRISTIAN HIGH SCHOOL,Walnut Creek,Contra Costa,Enr,5,3,
BESANT HILL SCHOOL HAPPY VLY52255,BESANT HILL SCHOOL HAPPY VLY,Ojai,Ventura,App,13,5,8
BESANT HILL SCHOOL HAPPY VLY52255,BESANT HILL SCHOOL HAPPY VLY,Ojai,Ventura,Adm,6,,4
BESANT HILL SCHOOL HAPPY VLY52255,BESANT HILL SCHOOL HAPPY VLY,Ojai,Ventura,Enr,3,,
BETHEL BAPTIST SCHOOL53239,BETHEL BAPTIST SCHOOL,Santa Ana,Orange,App,5,,
BETHEL BAPTIST SCHOOL53239,BETHEL BAPTIST SCHOOL,Santa Ana,Orange,Adm,3,3,
BETHEL BAPTIST SCHOOL53239,BETHEL BAPTIST SCHOOL,Santa Ana,Orange,Enr,3,3,
BETHEL CHRISTIAN HIGH SCHOOL52668,BETHEL CHRISTIAN HIGH SCHOOL,Riverside,Riverside,App,6,,
BISHOP ALEMANY HIGH SCHOOL52898,BISHOP ALEMANY HIGH SCHOOL,Mission Hills,Los Angeles,App,130,58,71
BISHOP ALEMANY HIGH SCHOOL52898,BISHOP ALEMANY HIGH SCHOOL,Mission Hills,Los Angeles,Adm,81,37,44
BISHOP ALEMANY HIGH SCHOOL52898,BISHOP ALEMANY HIGH SCHOOL,Mission Hills,Los Angeles,Enr,40,19,21
BISHOP AMAT MEMORIAL HS51362,BISHOP AMAT MEMORIAL HS,La Puente,Los Angeles,App,112,70,42
BISHOP AMAT MEMORIAL HS51362,BISHOP AMAT MEMORIAL HS,La Puente,Los Angeles,Adm,52,34,18
BISHOP AMAT MEMORIAL HS51362,BISHOP AMAT MEMORIAL HS,La Puente,Los Angeles,Enr,34,22,12
BISHOP CONATY OUR LADY LORETTO51552,BISHOP CONATY OUR LADY LORETTO,Los Angeles,Los Angeles,App,42,42,
BISHOP CONATY OUR LADY LORETTO51552,BISHOP CONATY OUR LADY LORETTO,Los Angeles,Los Angeles,Adm,19,19,
BISHOP CONATY OUR LADY LORETTO51552,BISHOP CONATY OUR LADY LORETTO,Los Angeles,Los Angeles,Enr,13,13,
BISHOP GARCIA DIEGO HIGH SCH53245,BISHOP GARCIA DIEGO HIGH SCH,Santa Barbara,Santa Barbara,App,25,9,16
BISHOP GARCIA DIEGO HIGH SCH53245,BISHOP GARCIA DIEGO HIGH SCH,Santa Barbara,Santa Barbara,Adm,12,3,9
BISHOP MONTGOMERY HIGH SCHOOL53512,BISHOP MONTGOMERY HIGH SCHOOL,Torrance,Los Angeles,App,136,70,64
BISHOP MONTGOMERY HIGH SCHOOL53512,BISHOP MONTGOMERY HIGH SCHOOL,Torrance,Los Angeles,Adm,82,42,39
BISHOP MONTGOMERY HIGH SCHOOL53512,BISHOP MONTGOMERY HIGH SCHOOL,Torrance,Los Angeles,Enr,46,24,22
BISHOP MORA SALESIAN HS51554,BISHOP MORA SALESIAN HS,Los Angeles,Los Angeles,App,29,,28
BISHOP MORA SALESIAN HS51554,BISHOP MORA SALESIAN HS,Los Angeles,Los Angeles,Adm,10,,10
BISHOP MORA SALESIAN HS51554,BISHOP MORA SALESIAN HS,Los Angeles,Los Angeles,Enr,5,,5
BISHOP ODOWD HIGH SCHOOL52185,BISHOP ODOWD HIGH SCHOOL,Oakland,Alameda,App,196,102,93
BISHOP ODOWD HIGH SCHOOL52185,BISHOP ODOWD HIGH SCHOOL,Oakland,Alameda,Adm,136,75,61
BISHOP ODOWD HIGH SCHOOL52185,BISHOP ODOWD HIGH SCHOOL,Oakland,Alameda,Enr,64,31,33
BISHOPS SCHOOL51330,BISHOPS SCHOOL,La Jolla,San Diego,App,80,43,36
BISHOPS SCHOOL51330,BISHOPS SCHOOL,La Jolla,San Diego,Adm,51,28,23
BISHOPS SCHOOL51330,BISHOPS SCHOOL,La Jolla,San Diego,Enr,16,10,6
BLOOMINGTON CHRISTIAN HS50347,BLOOMINGTON CHRISTIAN HS,Bloomington,San Bernardino,App,6,5,
BLOOMINGTON CHRISTIAN HS50347,BLOOMINGTON CHRISTIAN HS,Bloomington,San Bernardino,Adm,3,3,
BRADSHAW CHRISTIAN SCHOOL53877,BRADSHAW CHRISTIAN SCHOOL,Sacramento,Sacramento,App,16,12,
BRADSHAW CHRISTIAN SCHOOL53877,BRADSHAW CHRISTIAN SCHOOL,Sacramento,Sacramento,Adm,10,8,
BRADSHAW CHRISTIAN SCHOOL53877,BRADSHAW CHRISTIAN SCHOOL,Sacramento,Sacramento,Enr,3,3,
BRANSON SCHOOL52695,BRANSON SCHOOL,Ross,Marin,App,41,19,22
BRANSON SCHOOL52695,BRANSON SCHOOL,Ross,Marin,Adm,23,10,13
BRANSON SCHOOL52695,BRANSON SCHOOL,Ross,Marin,Enr,5,,3
BRENTWOOD SCHOOL51555,BRENTWOOD SCHOOL,Los Angeles,Los Angeles,App,67,30,37
BRENTWOOD SCHOOL51555,BRENTWOOD SCHOOL,Los Angeles,Los Angeles,Adm,40,20,20
BRENTWOOD SCHOOL51555,BRENTWOOD SCHOOL,Los Angeles,Los Angeles,Enr,4,,3
BRETHREN CHRISTIAN HIGH SCHOOL52363,BRETHREN CHRISTIAN HIGH SCHOOL,Huntington Beach,Orange,App,18,7,11
BRETHREN CHRISTIAN HIGH SCHOOL52363,BRETHREN CHRISTIAN HIGH SCHOOL,Huntington Beach,Orange,Adm,13,5,8
BRETHREN CHRISTIAN HIGH SCHOOL52363,BRETHREN CHRISTIAN HIGH SCHOOL,Huntington Beach,Orange,Enr,5,,3
BRIDGES ACADEMY50859,BRIDGES ACADEMY,Studio City,Los Angeles,Adm,3,,3
BUCKLEY SCHOOL51628,BUCKLEY SCHOOL,Sherman Oaks,Los Angeles,App,52,24,28
BUCKLEY SCHOOL51628,BUCKLEY SCHOOL,Sherman Oaks,Los Angeles,Adm,31,14,17
BUCKLEY SCHOOL51628,BUCKLEY SCHOOL,Sherman Oaks,Los Angeles,Enr,10,6,4
CALIFORNIA CROSSPOINT HIGH SCHOOL52191,CALIFORNIA CROSSPOINT HIGH SCHOOL,Hayward,Alameda,App,47,19,28
CALIFORNIA CROSSPOINT HIGH SCHOOL52191,CALIFORNIA CROSSPOINT HIGH SCHOOL,Hayward,Alameda,Adm,37,17,20
CALIFORNIA CROSSPOINT HIGH SCHOOL52191,CALIFORNIA CROSSPOINT HIGH SCHOOL,Hayward,Alameda,Enr,24,10,14
CALIFORNIA LUTHERAN HIGH SCHL53566,CALIFORNIA LUTHERAN HIGH SCHL,Wildomar,Riverside,App,5,,
CALIFORNIA LUTHERAN HIGH SCHL53566,CALIFORNIA LUTHERAN HIGH SCHL,Wildomar,Riverside,Adm,4,,
CALIFORNIA UNIVERSITY PREP SCH52941,CALIFORNIA UNIVERSITY PREP SCH,Rowland Heights,Los Angeles,App,8,,7
CALIFORNIA UNIVERSITY PREP SCH52941,CALIFORNIA UNIVERSITY PREP SCH,Rowland Heights,Los Angeles,Adm,7,,6
CALIFORNIA UNIVERSITY PREP SCH52941,CALIFORNIA UNIVERSITY PREP SCH,Rowland Heights,Los Angeles,Enr,3,,
CALVARY CHAPEL HIGH SCHOOL50768,CALVARY CHAPEL HIGH SCHOOL,Downey,Los Angeles,App,11,8,
CALVARY CHAPEL HIGH SCHOOL50768,CALVARY CHAPEL HIGH SCHOOL,Downey,Los Angeles,Adm,8,5,
CALVARY CHAPEL HIGH SCHOOL50768,CALVARY CHAPEL HIGH SCHOOL,Downey,Los Angeles,Enr,5,4,
CALVARY CHAPEL HIGH SCHOOL53251,CALVARY CHAPEL HIGH SCHOOL,Santa Ana,Orange,App,22,8,13
CALVARY CHAPEL HIGH SCHOOL53251,CALVARY CHAPEL HIGH SCHOOL,Santa Ana,Orange,Adm,11,3,8
CALVARY CHAPEL HIGH SCHOOL53251,CALVARY CHAPEL HIGH SCHOOL,Santa Ana,Orange,Enr,9,,7
CALVARY CHRISTIAN ACADEMY53840,CALVARY CHRISTIAN ACADEMY,Chula Vista,San Diego,App,7,,
CALVARY MURRIETA CHRISTIAN SCH52104,CALVARY MURRIETA CHRISTIAN SCH,Murrieta,Riverside,App,14,8,6
CALVARY MURRIETA CHRISTIAN SCH52104,CALVARY MURRIETA CHRISTIAN SCH,Murrieta,Riverside,Adm,8,5,3
CALVARY MURRIETA CHRISTIAN SCH52104,CALVARY MURRIETA CHRISTIAN SCH,Murrieta,Riverside,Enr,4,,3
CALVIN CHRISTIAN HIGH SCHOOL50876,CALVIN CHRISTIAN HIGH SCHOOL,Escondido,San Diego,App,7,,
CALVIN CHRISTIAN HIGH SCHOOL50876,CALVIN CHRISTIAN HIGH SCHOOL,Escondido,San Diego,Adm,5,,3
CALVIN CHRISTIAN HIGH SCHOOL50876,CALVIN CHRISTIAN HIGH SCHOOL,Escondido,San Diego,Enr,3,,
CAMBRIAN ACADEMY54297,CAMBRIAN ACADEMY,San Jose,Santa Clara,App,7,,
CAMBRIAN ACADEMY54297,CAMBRIAN ACADEMY,San Jose,Santa Clara,Adm,6,4,
CAMBRIAN ACADEMY54297,CAMBRIAN ACADEMY,San Jose,Santa Clara,Enr,5,3,
CAMBRIDGE INTRNTL PREP SCHOOL52937,CAMBRIDGE INTRNTL PREP SCHOOL,San Francisco,San Francisco,App,10,,7
CAMBRIDGE INTRNTL PREP SCHOOL52937,CAMBRIDGE INTRNTL PREP SCHOOL,San Francisco,San Francisco,Adm,8,3,5
CAMBRIDGE INTRNTL PREP SCHOOL52937,CAMBRIDGE INTRNTL PREP SCHOOL,San Francisco,San Francisco,Enr,6,,4
CAMBRIDGE SCHOOL54785,CAMBRIDGE SCHOOL,San Diego,San Diego,App,6,,
CAMBRIDGE SCHOOL54785,CAMBRIDGE SCHOOL,San Diego,San Diego,Adm,6,,4
CAMPBELL HALL52133,CAMPBELL HALL,Studio City,Los Angeles,App,75,34,40
CAMPBELL HALL52133,CAMPBELL HALL,Studio City,Los Angeles,Adm,48,15,32
CAMPBELL HALL52133,CAMPBELL HALL,Studio City,Los Angeles,Enr,20,8,12
CANTWELL/SACRED HEART MARY HS52020,CANTWELL/SACRED HEART MARY HS,Montebello,Los Angeles,App,43,24,19
CANTWELL/SACRED HEART MARY HS52020,CANTWELL/SACRED HEART MARY HS,Montebello,Los Angeles,Adm,24,12,12
CANTWELL/SACRED HEART MARY HS52020,CANTWELL/SACRED HEART MARY HS,Montebello,Los Angeles,Enr,14,7,7
CAPISTRANO VALLEY CHRSTN SCH53114,CAPISTRANO VALLEY CHRSTN SCH,San Juan Capistrano,Orange,App,14,8,6
CAPISTRANO VALLEY CHRSTN SCH53114,CAPISTRANO VALLEY CHRSTN SCH,San Juan Capistrano,Orange,Adm,11,7,4
CAPISTRANO VALLEY CHRSTN SCH53114,CAPISTRANO VALLEY CHRSTN SCH,San Juan Capistrano,Orange,Enr,6,3,3
CAPITAL CHRISTIAN HIGH SCHOOL52708,CAPITAL CHRISTIAN HIGH SCHOOL,Sacramento,Sacramento,App,26,12,14
CAPITAL CHRISTIAN HIGH SCHOOL52708,CAPITAL CHRISTIAN HIGH SCHOOL,Sacramento,Sacramento,Adm,19,10,9
CAPITAL CHRISTIAN HIGH SCHOOL52708,CAPITAL CHRISTIAN HIGH SCHOOL,Sacramento,Sacramento,Enr,13,6,7
CARDINAL NEWMAN HIGH SCHOOL53326,CARDINAL NEWMAN HIGH SCHOOL,Santa Rosa,Sonoma,App,64,26,38
CARDINAL NEWMAN HIGH SCHOOL53326,CARDINAL NEWMAN HIGH SCHOOL,Santa Rosa,Sonoma,Adm,33,12,21
CARDINAL NEWMAN HIGH SCHOOL53326,CARDINAL NEWMAN HIGH SCHOOL,Santa Rosa,Sonoma,Enr,13,6,7
CARNEGIE SCHOOLS RIVERSIDE52671,CARNEGIE SCHOOLS RIVERSIDE,Riverside,Riverside,App,21,11,10
CARNEGIE SCHOOLS RIVERSIDE52671,CARNEGIE SCHOOLS RIVERSIDE,Riverside,Riverside,Adm,17,10,7
CARNEGIE SCHOOLS RIVERSIDE52671,CARNEGIE SCHOOLS RIVERSIDE,Riverside,Riverside,Enr,10,4,6
CARONDELET HIGH SCHOOL50656,CARONDELET HIGH SCHOOL,Concord,Contra Costa,App,77,74,
CARONDELET HIGH SCHOOL50656,CARONDELET HIGH SCHOOL,Concord,Contra Costa,Adm,41,40,
CARONDELET HIGH SCHOOL50656,CARONDELET HIGH SCHOOL,Concord,Contra Costa,Enr,20,20,
CASTILLEJA SCHOOL52330,CASTILLEJA SCHOOL,Palo Alto,Santa Clara,App,41,38,
CASTILLEJA SCHOOL52330,CASTILLEJA SCHOOL,Palo Alto,Santa Clara,Adm,32,30,
CASTILLEJA SCHOOL52330,CASTILLEJA SCHOOL,Palo Alto,Santa Clara,Enr,8,8,
CATE SCHOOL50485,CATE SCHOOL,Carpinteria,Santa Barbara,App,23,12,11
CATE SCHOOL50485,CATE SCHOOL,Carpinteria,Santa Barbara,Adm,12,9,3
CATE SCHOOL50485,CATE SCHOOL,Carpinteria,Santa Barbara,Enr,3,3,
CATHEDRAL CATHOLIC H S52896,CATHEDRAL CATHOLIC H S,San Diego,San Diego,App,172,98,72
CATHEDRAL CATHOLIC H S52896,CATHEDRAL CATHOLIC H S,San Diego,San Diego,Adm,88,50,37
CATHEDRAL CATHOLIC H S52896,CATHEDRAL CATHOLIC H S,San Diego,San Diego,Enr,38,20,18
CATHEDRAL HIGH SCHOOL51560,CATHEDRAL HIGH SCHOOL,Los Angeles,Los Angeles,App,86,,85
CATHEDRAL HIGH SCHOOL51560,CATHEDRAL HIGH SCHOOL,Los Angeles,Los Angeles,Adm,35,,34
CATHEDRAL HIGH SCHOOL51560,CATHEDRAL HIGH SCHOOL,Los Angeles,Los Angeles,Enr,19,,19
CENTRAL CATHOLIC HIGH SCHOOL51982,CENTRAL CATHOLIC HIGH SCHOOL,Modesto,Stanislaus,App,32,20,12
CENTRAL CATHOLIC HIGH SCHOOL51982,CENTRAL CATHOLIC HIGH SCHOOL,Modesto,Stanislaus,Adm,17,10,7
CENTRAL CATHOLIC HIGH SCHOOL51982,CENTRAL CATHOLIC HIGH SCHOOL,Modesto,Stanislaus,Enr,7,5,
CENTRAL VALLEY CHRISTIAN HS53661,CENTRAL VALLEY CHRISTIAN HS,Visalia,Tulare,App,16,5,11
CENTRAL VALLEY CHRISTIAN HS53661,CENTRAL VALLEY CHRISTIAN HS,Visalia,Tulare,Adm,8,4,4
CHADWICK SCHOOL52680,CHADWICK SCHOOL,Palos Verdes Estate,Los Angeles,App,37,21,15
CHADWICK SCHOOL52680,CHADWICK SCHOOL,Palos Verdes Estate,Los Angeles,Adm,28,16,12
CHADWICK SCHOOL52680,CHADWICK SCHOOL,Palos Verdes Estate,Los Angeles,Enr,9,6,3
CHAMINADE COLLEGE PREPARATORY51565,CHAMINADE COLLEGE PREPARATORY,West Hills,Los Angeles,App,156,81,73
CHAMINADE COLLEGE PREPARATORY51565,CHAMINADE COLLEGE PREPARATORY,West Hills,Los Angeles,Adm,89,45,44
CHAMINADE COLLEGE PREPARATORY51565,CHAMINADE COLLEGE PREPARATORY,West Hills,Los Angeles,Enr,51,26,25
CHRISTIAN BROTHERS HIGH SCHOOL52697,CHRISTIAN BROTHERS HIGH SCHOOL,Sacramento,Sacramento,App,118,67,50
CHRISTIAN BROTHERS HIGH SCHOOL52697,CHRISTIAN BROTHERS HIGH SCHOOL,Sacramento,Sacramento,Adm,55,35,19
CHRISTIAN BROTHERS HIGH SCHOOL52697,CHRISTIAN BROTHERS HIGH SCHOOL,Sacramento,Sacramento,Enr,30,19,11
CHRISTIAN HIGH SCHOOL52836,CHRISTIAN HIGH SCHOOL,El Cajon,San Diego,App,33,14,18
CHRISTIAN HIGH SCHOOL52836,CHRISTIAN HIGH SCHOOL,El Cajon,San Diego,Adm,22,11,11
CHRISTIAN HIGH SCHOOL52836,CHRISTIAN HIGH SCHOOL,El Cajon,San Diego,Enr,10,4,6
CITY OF KNOWLEDGE52518,CITY OF KNOWLEDGE,Pomona,Los Angeles,App,8,6,
CITY OF KNOWLEDGE52518,CITY OF KNOWLEDGE,Pomona,Los Angeles,Adm,4,4,
CITY OF KNOWLEDGE52518,CITY OF KNOWLEDGE,Pomona,Los Angeles,Enr,4,4,
COLLEGE PREPARATORY SCHOOL52192,COLLEGE PREPARATORY SCHOOL,Oakland,Alameda,App,75,45,30
COLLEGE PREPARATORY SCHOOL52192,COLLEGE PREPARATORY SCHOOL,Oakland,Alameda,Adm,55,34,21
COLLEGE PREPARATORY SCHOOL52192,COLLEGE PREPARATORY SCHOOL,Oakland,Alameda,Enr,7,3,4
CONTRA COSTA CHRISTIAN HS51316,CONTRA COSTA CHRISTIAN HS,Walnut Creek,Contra Costa,App,14,7,7
CONTRA COSTA CHRISTIAN HS51316,CONTRA COSTA CHRISTIAN HS,Walnut Creek,Contra Costa,Adm,10,5,5
CONTRA COSTA CHRISTIAN HS51316,CONTRA COSTA CHRISTIAN HS,Walnut Creek,Contra Costa,Enr,5,3,
CONVENT OF THE SACRED HEART HS52935,CONVENT OF THE SACRED HEART HS,San Francisco,San Francisco,App,29,29,
CONVENT OF THE SACRED HEART HS52935,CONVENT OF THE SACRED HEART HS,San Francisco,San Francisco,Adm,16,16,
CONVENT OF THE SACRED HEART HS52935,CONVENT OF THE SACRED HEART HS,San Francisco,San Francisco,Enr,5,5,
CORNELIA CONNELLY SCHOOL50082,CORNELIA CONNELLY SCHOOL,Anaheim,Orange,App,17,17,
CORNELIA CONNELLY SCHOOL50082,CORNELIA CONNELLY SCHOOL,Anaheim,Orange,Adm,10,10,
CORNELIA CONNELLY SCHOOL50082,CORNELIA CONNELLY SCHOOL,Anaheim,Orange,Enr,4,4,
CORNERSTONE CHRISTIAN SCHOOL53771,CORNERSTONE CHRISTIAN SCHOOL,Wildomar,Riverside,App,6,,
CORNERSTONE CHRISTIAN SCHOOL53771,CORNERSTONE CHRISTIAN SCHOOL,Wildomar,Riverside,Adm,5,,4
CREAN LUTHERAN HIGH SCHOOL51298,CREAN LUTHERAN HIGH SCHOOL,Irvine,Orange,App,100,49,51
CREAN LUTHERAN HIGH SCHOOL51298,CREAN LUTHERAN HIGH SCHOOL,Irvine,Orange,Adm,78,40,38
CREAN LUTHERAN HIGH SCHOOL51298,CREAN LUTHERAN HIGH SCHOOL,Irvine,Orange,Enr,40,17,23
CRESPI CARMELITE HIGH SCHOOL50867,CRESPI CARMELITE HIGH SCHOOL,Encino,Los Angeles,App,62,,60
CRESPI CARMELITE HIGH SCHOOL50867,CRESPI CARMELITE HIGH SCHOOL,Encino,Los Angeles,Adm,24,,23
CRESPI CARMELITE HIGH SCHOOL50867,CRESPI CARMELITE HIGH SCHOOL,Encino,Los Angeles,Enr,9,,8
CRISTO REY HS-SACRAMENTO54211,CRISTO REY HS-SACRAMENTO,Sacramento,Sacramento,App,30,23,7
CRISTO REY HS-SACRAMENTO54211,CRISTO REY HS-SACRAMENTO,Sacramento,Sacramento,Adm,16,15,
CRISTO REY HS-SACRAMENTO54211,CRISTO REY HS-SACRAMENTO,Sacramento,Sacramento,Enr,8,7,
CRISTO REY SAN JOSE JESUIT HS54860,CRISTO REY SAN JOSE JESUIT HS,San Jose,Santa Clara,App,60,39,20
CRISTO REY SAN JOSE JESUIT HS54860,CRISTO REY SAN JOSE JESUIT HS,San Jose,Santa Clara,Adm,39,29,9
CRISTO REY SAN JOSE JESUIT HS54860,CRISTO REY SAN JOSE JESUIT HS,San Jose,Santa Clara,Enr,20,15,5
CROSSROADS CHRISTIAN SCHOOL50562,CROSSROADS CHRISTIAN SCHOOL,Corona,Riverside,App,5,,
CROSSROADS SCHOOL53307,CROSSROADS SCHOOL,Santa Monica,Los Angeles,App,71,36,35
CROSSROADS SCHOOL53307,CROSSROADS SCHOOL,Santa Monica,Los Angeles,Adm,46,26,20
CROSSROADS SCHOOL53307,CROSSROADS SCHOOL,Santa Monica,Los Angeles,Enr,11,5,6
CRYSTAL SPRINGS UPLANDS SCH51173,CRYSTAL SPRINGS UPLANDS SCH,Hillsborough,San Mateo,App,41,22,19
CRYSTAL SPRINGS UPLANDS SCH51173,CRYSTAL SPRINGS UPLANDS SCH,Hillsborough,San Mateo,Adm,25,12,13
CRYSTAL SPRINGS UPLANDS SCH51173,CRYSTAL SPRINGS UPLANDS SCH,Hillsborough,San Mateo,Enr,3,,
DAMIEN HIGH SCHOOL52502,DAMIEN HIGH SCHOOL,La Verne,Los Angeles,App,108,,105
DAMIEN HIGH SCHOOL52502,DAMIEN HIGH SCHOOL,La Verne,Los Angeles,Adm,75,,72
DAMIEN HIGH SCHOOL52502,DAMIEN HIGH SCHOOL,La Verne,Los Angeles,Enr,30,,28
DE LA SALLE HIGH SCHOOL50662,DE LA SALLE HIGH SCHOOL,Concord,Contra Costa,App,88,,85
DE LA SALLE HIGH SCHOOL50662,DE LA SALLE HIGH SCHOOL,Concord,Contra Costa,Adm,39,,38
DE LA SALLE HIGH SCHOOL50662,DE LA SALLE HIGH SCHOOL,Concord,Contra Costa,Enr,19,,18
DE TOLEDO HIGH SCHOOL53748,DE TOLEDO HIGH SCHOOL,West Hills,Los Angeles,App,44,29,15
DE TOLEDO HIGH SCHOOL53748,DE TOLEDO HIGH SCHOOL,West Hills,Los Angeles,Adm,28,18,10
DE TOLEDO HIGH SCHOOL53748,DE TOLEDO HIGH SCHOOL,West Hills,Los Angeles,Enr,10,8,
DEHESA CHARTER SCHOOL50601,DEHESA CHARTER SCHOOL,Escondido,San Diego,Adm,3,,
DESERT CHRISTIAN ACADEMY52316,DESERT CHRISTIAN ACADEMY,Bermuda Dunes,Riverside,App,5,,
DESERT CHRISTIAN ACADEMY52316,DESERT CHRISTIAN ACADEMY,Bermuda Dunes,Riverside,Adm,4,,
DESERT CHRISTIAN HIGH SCHOOL51389,DESERT CHRISTIAN HIGH SCHOOL,Lancaster,Los Angeles,App,13,10,
DESERT CHRISTIAN HIGH SCHOOL51389,DESERT CHRISTIAN HIGH SCHOOL,Lancaster,Los Angeles,Adm,8,7,
DESERT CHRISTIAN HIGH SCHOOL51389,DESERT CHRISTIAN HIGH SCHOOL,Lancaster,Los Angeles,Enr,4,3,
DEVELOPING VIRTUE SEC SCHOOL53483,DEVELOPING VIRTUE SEC SCHOOL,Talmage,Mendocino,App,8,,
DEVELOPING VIRTUE SEC SCHOOL53483,DEVELOPING VIRTUE SEC SCHOOL,Talmage,Mendocino,Adm,7,4,3
DEVELOPING VIRTUE SEC SCHOOL53483,DEVELOPING VIRTUE SEC SCHOOL,Talmage,Mendocino,Enr,4,,
DON BOSCO TECHNICAL INSTITUTE53053,DON BOSCO TECHNICAL INSTITUTE,Rosemead,Los Angeles,App,42,,42
DON BOSCO TECHNICAL INSTITUTE53053,DON BOSCO TECHNICAL INSTITUTE,Rosemead,Los Angeles,Adm,14,,14
DON BOSCO TECHNICAL INSTITUTE53053,DON BOSCO TECHNICAL INSTITUTE,Rosemead,Los Angeles,Enr,8,,8
DREW SCHOOL52940,DREW SCHOOL,San Francisco,San Francisco,App,35,18,16
DREW SCHOOL52940,DREW SCHOOL,San Francisco,San Francisco,Adm,19,8,10
DREW SCHOOL52940,DREW SCHOOL,San Francisco,San Francisco,Enr,7,3,4
DUNN SCHOOL51863,DUNN SCHOOL,Los Olivos,Santa Barbara,App,15,5,10
DUNN SCHOOL51863,DUNN SCHOOL,Los Olivos,Santa Barbara,Adm,9,3,6
EASTSIDE COLLEGE PREP SCHOOL50791,EASTSIDE COLLEGE PREP SCHOOL,East Palo Alto,San Mateo,App,49,27,22
EASTSIDE COLLEGE PREP SCHOOL50791,EASTSIDE COLLEGE PREP SCHOOL,East Palo Alto,San Mateo,Adm,41,24,17
EASTSIDE COLLEGE PREP SCHOOL50791,EASTSIDE COLLEGE PREP SCHOOL,East Palo Alto,San Mateo,Enr,17,9,8
ELDORADO EMERSON PRIVATE SCH52277,ELDORADO EMERSON PRIVATE SCH,Orange,Orange,App,14,7,6
ELDORADO EMERSON PRIVATE SCH52277,ELDORADO EMERSON PRIVATE SCH,Orange,Orange,Adm,9,5,4
ELDORADO EMERSON PRIVATE SCH52277,ELDORADO EMERSON PRIVATE SCH,Orange,Orange,Enr,6,4,
ESCONDIDO ADVENTIST ACADEMY50879,ESCONDIDO ADVENTIST ACADEMY,Escondido,San Diego,App,11,6,5
ESCONDIDO ADVENTIST ACADEMY50879,ESCONDIDO ADVENTIST ACADEMY,Escondido,San Diego,Adm,8,4,4
ESCONDIDO ADVENTIST ACADEMY50879,ESCONDIDO ADVENTIST ACADEMY,Escondido,San Diego,Enr,4,,3
EXCELSIOR SCHOOL51584,EXCELSIOR SCHOOL,Arcadia,Los Angeles,App,16,,13
EXCELSIOR SCHOOL51584,EXCELSIOR SCHOOL,Arcadia,Los Angeles,Adm,12,3,9
EXCELSIOR SCHOOL51584,EXCELSIOR SCHOOL,Arcadia,Los Angeles,Enr,11,3,8
FAIRMONT PREPARATORY ACADEMY50103,FAIRMONT PREPARATORY ACADEMY,Anaheim,Orange,App,118,54,64
FAIRMONT PREPARATORY ACADEMY50103,FAIRMONT PREPARATORY ACADEMY,Anaheim,Orange,Adm,81,41,40
FAIRMONT PREPARATORY ACADEMY50103,FAIRMONT PREPARATORY ACADEMY,Anaheim,Orange,Enr,40,18,22
FAITH BAPTIST SCHOOLS50467,FAITH BAPTIST SCHOOLS,Canoga Park,Los Angeles,App,21,15,6
FAITH BAPTIST SCHOOLS50467,FAITH BAPTIST SCHOOLS,Canoga Park,Los Angeles,Adm,13,9,4
FAITH BAPTIST SCHOOLS50467,FAITH BAPTIST SCHOOLS,Canoga Park,Los Angeles,Enr,5,3,
FAITH CHRISTIAN SCHOOL53811,FAITH CHRISTIAN SCHOOL,Yuba City,Sutter,App,5,,
FAITH CHRISTIAN SCHOOL53811,FAITH CHRISTIAN SCHOOL,Yuba City,Sutter,Adm,5,,3
FLINTRIDGE PREPARATORY SCHOOL52375,FLINTRIDGE PREPARATORY SCHOOL,La Canada,Los Angeles,App,84,42,42
FLINTRIDGE PREPARATORY SCHOOL52375,FLINTRIDGE PREPARATORY SCHOOL,La Canada,Los Angeles,Adm,61,32,29
FLINTRIDGE PREPARATORY SCHOOL52375,FLINTRIDGE PREPARATORY SCHOOL,La Canada,Los Angeles,Enr,15,8,7
FLINTRIDGE SACRED HEART ACAD52380,FLINTRIDGE SACRED HEART ACAD,La Canada,Los Angeles,App,64,63,
FLINTRIDGE SACRED HEART ACAD52380,FLINTRIDGE SACRED HEART ACAD,La Canada,Los Angeles,Adm,36,36,
FLINTRIDGE SACRED HEART ACAD52380,FLINTRIDGE SACRED HEART ACAD,La Canada,Los Angeles,Enr,17,17,
FOREST LAKE CHRISTIAN SCHOOL50173,FOREST LAKE CHRISTIAN SCHOOL,Auburn,Placer,App,5,,
FRANCIS W PARKER SCHOOL52843,FRANCIS W PARKER SCHOOL,San Diego,San Diego,App,81,36,43
FRANCIS W PARKER SCHOOL52843,FRANCIS W PARKER SCHOOL,San Diego,San Diego,Adm,58,27,30
FRANCIS W PARKER SCHOOL52843,FRANCIS W PARKER SCHOOL,San Diego,San Diego,Enr,21,10,10
FREDERICK K C PRICE III SCHOOL51777,FREDERICK K C PRICE III SCHOOL,Los Angeles,Los Angeles,App,11,,10
FREDERICK K C PRICE III SCHOOL51777,FREDERICK K C PRICE III SCHOOL,Los Angeles,Los Angeles,Adm,3,,3
FREMONT CHRISTIAN HIGH SCHOOL50978,FREMONT CHRISTIAN HIGH SCHOOL,Fremont,Alameda,App,36,17,19
FREMONT CHRISTIAN HIGH SCHOOL50978,FREMONT CHRISTIAN HIGH SCHOOL,Fremont,Alameda,Adm,28,13,15
FREMONT CHRISTIAN HIGH SCHOOL50978,FREMONT CHRISTIAN HIGH SCHOOL,Fremont,Alameda,Enr,16,7,9
FRESNO CHRISTIAN HIGH SCHOOL50994,FRESNO CHRISTIAN HIGH SCHOOL,Fresno,Fresno,App,14,8,5
FRESNO CHRISTIAN HIGH SCHOOL50994,FRESNO CHRISTIAN HIGH SCHOOL,Fresno,Fresno,Adm,9,5,4
FRESNO CHRISTIAN HIGH SCHOOL50994,FRESNO CHRISTIAN HIGH SCHOOL,Fresno,Fresno,Enr,6,3,3
FUSION ACADEMY - LOS ANGELES51612,FUSION ACADEMY - LOS ANGELES,Los Angeles,Los Angeles,App,7,,6
FUSION ACADEMY - LOS ANGELES51612,FUSION ACADEMY - LOS ANGELES,Los Angeles,Los Angeles,Adm,6,,5
FUSION ACADEMY SAN MATEO54595,FUSION ACADEMY SAN MATEO,San Mateo,San Mateo,App,5,,
FUSION ACADEMY SAN MATEO54595,FUSION ACADEMY SAN MATEO,San Mateo,San Mateo,Adm,3,,
GARCES MEMORIAL HIGH SCHOOL50215,GARCES MEMORIAL HIGH SCHOOL,Bakersfield,Kern,App,34,19,15
GARCES MEMORIAL HIGH SCHOOL50215,GARCES MEMORIAL HIGH SCHOOL,Bakersfield,Kern,Adm,17,9,8
GARCES MEMORIAL HIGH SCHOOL50215,GARCES MEMORIAL HIGH SCHOOL,Bakersfield,Kern,Enr,6,,5
GEORGIANA BRUCE KIRBY PREP SCH53290,GEORGIANA BRUCE KIRBY PREP SCH,Santa Cruz,Santa Cruz,App,20,10,10
GEORGIANA BRUCE KIRBY PREP SCH53290,GEORGIANA BRUCE KIRBY PREP SCH,Santa Cruz,Santa Cruz,Adm,15,8,7
GEORGIANA BRUCE KIRBY PREP SCH53290,GEORGIANA BRUCE KIRBY PREP SCH,Santa Cruz,Santa Cruz,Enr,7,,6
GLENDALE ACADEMY51055,GLENDALE ACADEMY,Glendale,Los Angeles,App,12,8,
GLENDALE ACADEMY51055,GLENDALE ACADEMY,Glendale,Los Angeles,Adm,5,4,
GLENDALE ACADEMY51055,GLENDALE ACADEMY,Glendale,Los Angeles,Enr,4,3,
GRACE BRETHREN HIGH SCHOOL53383,GRACE BRETHREN HIGH SCHOOL,Simi Valley,Ventura,App,24,11,13
GRACE BRETHREN HIGH SCHOOL53383,GRACE BRETHREN HIGH SCHOOL,Simi Valley,Ventura,Adm,15,8,7
GRACE BRETHREN HIGH SCHOOL53383,GRACE BRETHREN HIGH SCHOOL,Simi Valley,Ventura,Enr,8,3,5
GRAUER SCHOOL50862,GRAUER SCHOOL,Encinitas,San Diego,App,9,7,
GRAUER SCHOOL50862,GRAUER SCHOOL,Encinitas,San Diego,Adm,6,4,
HARKER SCHOOL53142,HARKER SCHOOL,San Jose,Santa Clara,App,168,88,79
HARKER SCHOOL53142,HARKER SCHOOL,San Jose,Santa Clara,Adm,113,61,52
HARKER SCHOOL53142,HARKER SCHOOL,San Jose,Santa Clara,Enr,23,16,7
HARVARD-WESTLAKE SCHOOL52159,HARVARD-WESTLAKE SCHOOL,Studio City,Los Angeles,App,166,79,84
HARVARD-WESTLAKE SCHOOL52159,HARVARD-WESTLAKE SCHOOL,Studio City,Los Angeles,Adm,64,35,28
HARVARD-WESTLAKE SCHOOL52159,HARVARD-WESTLAKE SCHOOL,Studio City,Los Angeles,Enr,12,4,7
HEAD-ROYCE SCHOOL THE50285,HEAD-ROYCE SCHOOL THE,Oakland,Alameda,App,62,39,22
HEAD-ROYCE SCHOOL THE50285,HEAD-ROYCE SCHOOL THE,Oakland,Alameda,Adm,48,30,17
HEAD-ROYCE SCHOOL THE50285,HEAD-ROYCE SCHOOL THE,Oakland,Alameda,Enr,16,11,5
HERITAGE CHRISTIAN SCHOOL53358,HERITAGE CHRISTIAN SCHOOL,North Hills,Los Angeles,App,41,22,17
HERITAGE CHRISTIAN SCHOOL53358,HERITAGE CHRISTIAN SCHOOL,North Hills,Los Angeles,Adm,26,15,11
HERITAGE CHRISTIAN SCHOOL53358,HERITAGE CHRISTIAN SCHOOL,North Hills,Los Angeles,Enr,15,9,6
HIGH BLUFF ACADEMY53036,HIGH BLUFF ACADEMY,Rancho Santa Fe,San Diego,App,9,,5
HIGH BLUFF ACADEMY53036,HIGH BLUFF ACADEMY,Rancho Santa Fe,San Diego,Adm,8,3,5
HIGH BLUFF ACADEMY53036,HIGH BLUFF ACADEMY,Rancho Santa Fe,San Diego,Enr,4,,3
HILLCREST CHRISTIAN SCHOOL53504,HILLCREST CHRISTIAN SCHOOL,Thousand Oaks,Ventura,App,5,,
HILLCREST CHRISTIAN SCHOOL53504,HILLCREST CHRISTIAN SCHOOL,Thousand Oaks,Ventura,Adm,3,,
HOLY FAMILY HIGH SCHOOL51065,HOLY FAMILY HIGH SCHOOL,Glendale,Los Angeles,App,24,24,
HOLY FAMILY HIGH SCHOOL51065,HOLY FAMILY HIGH SCHOOL,Glendale,Los Angeles,Adm,10,10,
HOLY FAMILY HIGH SCHOOL51065,HOLY FAMILY HIGH SCHOOL,Glendale,Los Angeles,Enr,3,3,
HOLY MARTYRS ARMENIAN HS50869,HOLY MARTYRS ARMENIAN HS,Encino,Los Angeles,App,12,7,5
HOLY MARTYRS ARMENIAN HS50869,HOLY MARTYRS ARMENIAN HS,Encino,Los Angeles,Adm,5,4,
HOLY MARTYRS ARMENIAN HS50869,HOLY MARTYRS ARMENIAN HS,Encino,Los Angeles,Enr,4,3,
HOLY NAMES HIGH SCHOOL52200,HOLY NAMES HIGH SCHOOL,Oakland,Alameda,App,13,13,
HOLY NAMES HIGH SCHOOL52200,HOLY NAMES HIGH SCHOOL,Oakland,Alameda,Adm,12,12,
HOLY NAMES HIGH SCHOOL52200,HOLY NAMES HIGH SCHOOL,Oakland,Alameda,Enr,6,6,
IDYLLWILD ARTS ACADEMY51236,IDYLLWILD ARTS ACADEMY,Idyllwild,Riverside,App,14,9,5
IDYLLWILD ARTS ACADEMY51236,IDYLLWILD ARTS ACADEMY,Idyllwild,Riverside,Adm,9,5,4
IDYLLWILD ARTS ACADEMY51236,IDYLLWILD ARTS ACADEMY,Idyllwild,Riverside,Enr,4,3,
IMMACULATE CONCEPTION ACADEMY52955,IMMACULATE CONCEPTION ACADEMY,San Francisco,San Francisco,App,19,19,
IMMACULATE CONCEPTION ACADEMY52955,IMMACULATE CONCEPTION ACADEMY,San Francisco,San Francisco,Adm,12,12,
IMMACULATE CONCEPTION ACADEMY52955,IMMACULATE CONCEPTION ACADEMY,San Francisco,San Francisco,Enr,7,7,
IMMACULATE HEART HIGH SCHOOL51625,IMMACULATE HEART HIGH SCHOOL,Los Angeles,Los Angeles,App,76,75,
IMMACULATE HEART HIGH SCHOOL51625,IMMACULATE HEART HIGH SCHOOL,Los Angeles,Los Angeles,Adm,36,36,
IMMACULATE HEART HIGH SCHOOL51625,IMMACULATE HEART HIGH SCHOOL,Los Angeles,Los Angeles,Enr,17,17,
IMMANUEL HIGH SCHOOL52613,IMMANUEL HIGH SCHOOL,Reedley,Fresno,Adm,4,,
INTERNATIONAL HIGH SCHOOL FAIS52943,INTERNATIONAL HIGH SCHOOL FAIS,San Francisco,San Francisco,App,74,41,32
INTERNATIONAL HIGH SCHOOL FAIS52943,INTERNATIONAL HIGH SCHOOL FAIS,San Francisco,San Francisco,Adm,56,28,27
INTERNATIONAL HIGH SCHOOL FAIS52943,INTERNATIONAL HIGH SCHOOL FAIS,San Francisco,San Francisco,Enr,17,5,11
INTERNATIONAL SCHOOL OF LOS ANGELES51694,INTERNATIONAL SCHOOL OF LOS ANGELES,Burbank,Los Angeles,App,18,11,7
INTERNATIONAL SCHOOL OF LOS ANGELES51694,INTERNATIONAL SCHOOL OF LOS ANGELES,Burbank,Los Angeles,Adm,13,8,5
INTERNATIONAL SCHOOL OF LOS ANGELES51694,INTERNATIONAL SCHOOL OF LOS ANGELES,Burbank,Los Angeles,Enr,8,6,
JESUIT HIGH SCHOOL52714,JESUIT HIGH SCHOOL,Carmichael,Sacramento,App,112,,111
JESUIT HIGH SCHOOL52714,JESUIT HIGH SCHOOL,Carmichael,Sacramento,Adm,59,,58
JESUIT HIGH SCHOOL52714,JESUIT HIGH SCHOOL,Carmichael,Sacramento,Enr,29,,29
JEWISH COMMUNITY HS OF THE BAY52984,JEWISH COMMUNITY HS OF THE BAY,San Francisco,San Francisco,App,28,14,14
JEWISH COMMUNITY HS OF THE BAY52984,JEWISH COMMUNITY HS OF THE BAY,San Francisco,San Francisco,Adm,20,12,8
JEWISH COMMUNITY HS OF THE BAY52984,JEWISH COMMUNITY HS OF THE BAY,San Francisco,San Francisco,Enr,7,3,4
JSERRA CATHOLIC HIGH SCHOOL53197,JSERRA CATHOLIC HIGH SCHOOL,San Juan Capistrano,Orange,App,95,37,56
JSERRA CATHOLIC HIGH SCHOOL53197,JSERRA CATHOLIC HIGH SCHOOL,San Juan Capistrano,Orange,Adm,48,18,29
JSERRA CATHOLIC HIGH SCHOOL53197,JSERRA CATHOLIC HIGH SCHOOL,San Juan Capistrano,Orange,Enr,23,6,17
JUNIPERO SERRA HIGH SCHOOL51025,JUNIPERO SERRA HIGH SCHOOL,Gardena,Los Angeles,App,29,14,15
JUNIPERO SERRA HIGH SCHOOL51025,JUNIPERO SERRA HIGH SCHOOL,Gardena,Los Angeles,Adm,17,10,7
JUNIPERO SERRA HIGH SCHOOL51025,JUNIPERO SERRA HIGH SCHOOL,Gardena,Los Angeles,Enr,11,9,
JUNIPERO SERRA HIGH SCHOOL53180,JUNIPERO SERRA HIGH SCHOOL,San Mateo,San Mateo,App,115,,113
JUNIPERO SERRA HIGH SCHOOL53180,JUNIPERO SERRA HIGH SCHOOL,San Mateo,San Mateo,Adm,64,,62
JUNIPERO SERRA HIGH SCHOOL53180,JUNIPERO SERRA HIGH SCHOOL,San Mateo,San Mateo,Enr,24,,24
JUSTIN SIENA HIGH SCHOOL52082,JUSTIN SIENA HIGH SCHOOL,Napa,Napa,App,57,32,24
JUSTIN SIENA HIGH SCHOOL52082,JUSTIN SIENA HIGH SCHOOL,Napa,Napa,Adm,28,18,10
JUSTIN SIENA HIGH SCHOOL52082,JUSTIN SIENA HIGH SCHOOL,Napa,Napa,Enr,15,10,5
KEHILLAH JEWISH HIGH SCHOOL53173,KEHILLAH JEWISH HIGH SCHOOL,Palo Alto,Santa Clara,App,31,11,18
KEHILLAH JEWISH HIGH SCHOOL53173,KEHILLAH JEWISH HIGH SCHOOL,Palo Alto,Santa Clara,Adm,23,8,13
KEHILLAH JEWISH HIGH SCHOOL53173,KEHILLAH JEWISH HIGH SCHOOL,Palo Alto,Santa Clara,Enr,7,,6
LA JOLLA COUNTRY DAY SCHOOL51333,LA JOLLA COUNTRY DAY SCHOOL,La Jolla,San Diego,App,71,31,38
LA JOLLA COUNTRY DAY SCHOOL51333,LA JOLLA COUNTRY DAY SCHOOL,La Jolla,San Diego,Adm,48,18,29
LA JOLLA COUNTRY DAY SCHOOL51333,LA JOLLA COUNTRY DAY SCHOOL,La Jolla,San Diego,Enr,16,6,10
LA REINA HIGH SCHOOL53501,LA REINA HIGH SCHOOL,Thousand Oaks,Ventura,App,45,45,
LA REINA HIGH SCHOOL53501,LA REINA HIGH SCHOOL,Thousand Oaks,Ventura,Adm,29,29,
LA REINA HIGH SCHOOL53501,LA REINA HIGH SCHOOL,Thousand Oaks,Ventura,Enr,11,11,
LA SALLE HIGH SCHOOL52392,LA SALLE HIGH SCHOOL,Pasadena,Los Angeles,App,79,32,46
LA SALLE HIGH SCHOOL52392,LA SALLE HIGH SCHOOL,Pasadena,Los Angeles,Adm,37,13,23
LA SALLE HIGH SCHOOL52392,LA SALLE HIGH SCHOOL,Pasadena,Los Angeles,Enr,11,4,7
LA SIERRA ACADEMY50140,LA SIERRA ACADEMY,Riverside,Riverside,App,21,10,11
LA SIERRA ACADEMY50140,LA SIERRA ACADEMY,Riverside,Riverside,Adm,10,5,5
LA SIERRA ACADEMY50140,LA SIERRA ACADEMY,Riverside,Riverside,Enr,6,,4
LAGUNA BLANCA SCHOOL53255,LAGUNA BLANCA SCHOOL,Santa Barbara,Santa Barbara,App,25,18,7
LAGUNA BLANCA SCHOOL53255,LAGUNA BLANCA SCHOOL,Santa Barbara,Santa Barbara,Adm,13,8,5
LAGUNA BLANCA SCHOOL53255,LAGUNA BLANCA SCHOOL,Santa Barbara,Santa Barbara,Enr,7,5,
LAKE ARROWHEAD CHRISTIAN SCH53547,LAKE ARROWHEAD CHRISTIAN SCH,Twin Peaks,San Bernardino,Adm,3,,
LAKE TAHOE PREPARATORY SCHOOL52264,LAKE TAHOE PREPARATORY SCHOOL,Olympic Valley,Placer,App,7,,6
LAKE TAHOE PREPARATORY SCHOOL52264,LAKE TAHOE PREPARATORY SCHOOL,Olympic Valley,Placer,Adm,5,,4
LAKE TAHOE PREPARATORY SCHOOL52264,LAKE TAHOE PREPARATORY SCHOOL,Olympic Valley,Placer,Enr,3,,
LAUREL SPRINGS SCHOOL52256,LAUREL SPRINGS SCHOOL,Ojai,Ventura,App,37,22,15
LAUREL SPRINGS SCHOOL52256,LAUREL SPRINGS SCHOOL,Ojai,Ventura,Adm,23,13,10
LAUREL SPRINGS SCHOOL52256,LAUREL SPRINGS SCHOOL,Ojai,Ventura,Enr,14,8,6
LE LYCEE FRANCAIS DE LOS ANGELES50321,LE LYCEE FRANCAIS DE LOS ANGELES,Los Angeles,Los Angeles,App,32,21,11
LE LYCEE FRANCAIS DE LOS ANGELES50321,LE LYCEE FRANCAIS DE LOS ANGELES,Los Angeles,Los Angeles,Adm,21,15,6
LE LYCEE FRANCAIS DE LOS ANGELES50321,LE LYCEE FRANCAIS DE LOS ANGELES,Los Angeles,Los Angeles,Enr,9,8,
LICK WILMERDING HIGH SCHOOL52967,LICK WILMERDING HIGH SCHOOL,San Francisco,San Francisco,App,83,37,43
LICK WILMERDING HIGH SCHOOL52967,LICK WILMERDING HIGH SCHOOL,San Francisco,San Francisco,Adm,50,22,28
LICK WILMERDING HIGH SCHOOL52967,LICK WILMERDING HIGH SCHOOL,San Francisco,San Francisco,Enr,15,8,7
LINFIELD CHRISTIAN SCHOOL51570,LINFIELD CHRISTIAN SCHOOL,Temecula,Riverside,App,30,19,11
LINFIELD CHRISTIAN SCHOOL51570,LINFIELD CHRISTIAN SCHOOL,Temecula,Riverside,Adm,19,13,6
LINFIELD CHRISTIAN SCHOOL51570,LINFIELD CHRISTIAN SCHOOL,Temecula,Riverside,Enr,9,7,
LODI ACADEMY51435,LODI ACADEMY,Lodi,San Joaquin,Adm,4,,
LODI ACADEMY51435,LODI ACADEMY,Lodi,San Joaquin,Enr,3,,
LOMA LINDA ACADEMY51445,LOMA LINDA ACADEMY,Loma Linda,San Bernardino,App,29,19,9
LOMA LINDA ACADEMY51445,LOMA LINDA ACADEMY,Loma Linda,San Bernardino,Adm,14,10,4
LOMA LINDA ACADEMY51445,LOMA LINDA ACADEMY,Loma Linda,San Bernardino,Enr,7,5,
LOUISVILLE HIGH SCHOOL53802,LOUISVILLE HIGH SCHOOL,Woodland Hills,Los Angeles,App,48,48,
LOUISVILLE HIGH SCHOOL53802,LOUISVILLE HIGH SCHOOL,Woodland Hills,Los Angeles,Adm,24,24,
LOUISVILLE HIGH SCHOOL53802,LOUISVILLE HIGH SCHOOL,Woodland Hills,Los Angeles,Enr,10,10,
LOYOLA HIGH SCHOOL51685,LOYOLA HIGH SCHOOL,Los Angeles,Los Angeles,App,194,,191
LOYOLA HIGH SCHOOL51685,LOYOLA HIGH SCHOOL,Los Angeles,Los Angeles,Adm,116,,114
LOYOLA HIGH SCHOOL51685,LOYOLA HIGH SCHOOL,Los Angeles,Los Angeles,Enr,39,,39
LUTHERAN HIGH SCHL ORANGE CNTY52269,LUTHERAN HIGH SCHL ORANGE CNTY,Orange,Orange,App,108,44,62
LUTHERAN HIGH SCHL ORANGE CNTY52269,LUTHERAN HIGH SCHL ORANGE CNTY,Orange,Orange,Adm,54,25,27
LUTHERAN HIGH SCHL ORANGE CNTY52269,LUTHERAN HIGH SCHL ORANGE CNTY,Orange,Orange,Enr,29,14,15
LUTHERAN HIGH SCHOOL51373,LUTHERAN HIGH SCHOOL,La Verne,Los Angeles,App,14,,11
LUTHERAN HIGH SCHOOL51373,LUTHERAN HIGH SCHOOL,La Verne,Los Angeles,Adm,11,3,8
LUTHERAN HIGH SCHOOL51373,LUTHERAN HIGH SCHOOL,La Verne,Los Angeles,Enr,6,,6
LYCEE FRANCAIS DE SAN FRAN52971,LYCEE FRANCAIS DE SAN FRAN,San Francisco,San Francisco,App,32,23,9
LYCEE FRANCAIS DE SAN FRAN52971,LYCEE FRANCAIS DE SAN FRAN,San Francisco,San Francisco,Adm,25,19,6
LYCEE FRANCAIS DE SAN FRAN52971,LYCEE FRANCAIS DE SAN FRAN,San Francisco,San Francisco,Enr,8,5,3
MARANATHA CHRISTIAN SCHOOLS54056,MARANATHA CHRISTIAN SCHOOLS,San Diego,San Diego,App,29,15,14
MARANATHA CHRISTIAN SCHOOLS54056,MARANATHA CHRISTIAN SCHOOLS,San Diego,San Diego,Adm,18,9,9
MARANATHA CHRISTIAN SCHOOLS54056,MARANATHA CHRISTIAN SCHOOLS,San Diego,San Diego,Enr,11,5,6
MARANATHA HIGH SCHOOL52686,MARANATHA HIGH SCHOOL,Pasadena,Los Angeles,App,83,38,45
MARANATHA HIGH SCHOOL52686,MARANATHA HIGH SCHOOL,Pasadena,Los Angeles,Adm,46,23,23
MARANATHA HIGH SCHOOL52686,MARANATHA HIGH SCHOOL,Pasadena,Los Angeles,Enr,20,11,9
MARIN ACADEMY53212,MARIN ACADEMY,San Rafael,Marin,App,52,23,27
MARIN ACADEMY53212,MARIN ACADEMY,San Rafael,Marin,Adm,27,14,11
MARIN ACADEMY53212,MARIN ACADEMY,San Rafael,Marin,Enr,10,5,5
MARIN CATHOLIC HIGH SCHOOL53215,MARIN CATHOLIC HIGH SCHOOL,Kentfield,Marin,App,94,44,49
MARIN CATHOLIC HIGH SCHOOL53215,MARIN CATHOLIC HIGH SCHOOL,Kentfield,Marin,Adm,45,23,22
MARIN CATHOLIC HIGH SCHOOL53215,MARIN CATHOLIC HIGH SCHOOL,Kentfield,Marin,Enr,15,8,7
MARIN SCHOOL THE52498,MARIN SCHOOL THE,San Rafael,Marin,Adm,3,,3
MARLBOROUGH SCHOOL51710,MARLBOROUGH SCHOOL,Los Angeles,Los Angeles,App,48,46,
MARLBOROUGH SCHOOL51710,MARLBOROUGH SCHOOL,Los Angeles,Los Angeles,Adm,20,19,
MARLBOROUGH SCHOOL51710,MARLBOROUGH SCHOOL,Los Angeles,Los Angeles,Enr,4,3,
MARY STAR OF THE SEA HIGH SCH53200,MARY STAR OF THE SEA HIGH SCH,San Pedro,Los Angeles,App,62,31,31
MARY STAR OF THE SEA HIGH SCH53200,MARY STAR OF THE SEA HIGH SCH,San Pedro,Los Angeles,Adm,29,16,13
MARY STAR OF THE SEA HIGH SCH53200,MARY STAR OF THE SEA HIGH SCH,San Pedro,Los Angeles,Enr,18,10,8
MARYMOUNT HIGH SCHOOL51715,MARYMOUNT HIGH SCHOOL,Los Angeles,Los Angeles,App,53,52,
MARYMOUNT HIGH SCHOOL51715,MARYMOUNT HIGH SCHOOL,Los Angeles,Los Angeles,Adm,35,34,
MARYMOUNT HIGH SCHOOL51715,MARYMOUNT HIGH SCHOOL,Los Angeles,Los Angeles,Enr,8,8,
MATER DEI CATHOLIC HIGH SCHOOL51244,MATER DEI CATHOLIC HIGH SCHOOL,Chula Vista,San Diego,App,52,26,26
MATER DEI CATHOLIC HIGH SCHOOL51244,MATER DEI CATHOLIC HIGH SCHOOL,Chula Vista,San Diego,Adm,31,13,18
MATER DEI CATHOLIC HIGH SCHOOL51244,MATER DEI CATHOLIC HIGH SCHOOL,Chula Vista,San Diego,Enr,14,8,6
MATER DEI HIGH SCHOOL53240,MATER DEI HIGH SCHOOL,Santa Ana,Orange,App,262,151,109
MATER DEI HIGH SCHOOL53240,MATER DEI HIGH SCHOOL,Santa Ana,Orange,Adm,120,70,50
MATER DEI HIGH SCHOOL53240,MATER DEI HIGH SCHOOL,Santa Ana,Orange,Enr,66,39,27
MAYBECK HIGH SCHOOL52218,MAYBECK HIGH SCHOOL,Berkeley,Alameda,App,12,8,
MAYBECK HIGH SCHOOL52218,MAYBECK HIGH SCHOOL,Berkeley,Alameda,Adm,8,6,
MAYBECK HIGH SCHOOL52218,MAYBECK HIGH SCHOOL,Berkeley,Alameda,Enr,5,3,
MAYFIELD SENIOR SCHOOL52395,MAYFIELD SENIOR SCHOOL,Pasadena,Los Angeles,App,54,54,
MAYFIELD SENIOR SCHOOL52395,MAYFIELD SENIOR SCHOOL,Pasadena,Los Angeles,Adm,28,28,
MAYFIELD SENIOR SCHOOL52395,MAYFIELD SENIOR SCHOOL,Pasadena,Los Angeles,Enr,8,8,
MENLO SCHOOL51960,MENLO SCHOOL,Atherton,San Mateo,App,90,45,43
MENLO SCHOOL51960,MENLO SCHOOL,Atherton,San Mateo,Adm,42,24,17
MENLO SCHOOL51960,MENLO SCHOOL,Atherton,San Mateo,Enr,10,4,5
MERCY HIGH SCHOOL50415,MERCY HIGH SCHOOL,Burlingame,San Mateo,App,28,28,
MERCY HIGH SCHOOL50415,MERCY HIGH SCHOOL,Burlingame,San Mateo,Adm,18,18,
MERCY HIGH SCHOOL50415,MERCY HIGH SCHOOL,Burlingame,San Mateo,Enr,10,10,
MERCY HIGH SCHOOL52570,MERCY HIGH SCHOOL,Red Bluff,Tehama,App,5,,
MERCY HIGH SCHOOL52975,MERCY HIGH SCHOOL,San Francisco,San Francisco,App,31,30,
MERCY HIGH SCHOOL52975,MERCY HIGH SCHOOL,San Francisco,San Francisco,Adm,15,15,
MERCY HIGH SCHOOL52975,MERCY HIGH SCHOOL,San Francisco,San Francisco,Enr,8,8,
MID PENINSULA HIGH SCHOOL52346,MID PENINSULA HIGH SCHOOL,Menlo Park,San Mateo,App,5,,
MID PENINSULA HIGH SCHOOL52346,MID PENINSULA HIGH SCHOOL,Menlo Park,San Mateo,Adm,3,,
MIDLAND SCHOOL51865,MIDLAND SCHOOL,Los Olivos,Santa Barbara,App,9,6,
MIDLAND SCHOOL51865,MIDLAND SCHOOL,Los Olivos,Santa Barbara,Adm,4,,3
MILKEN COMMUNITY SCHOOL51727,MILKEN COMMUNITY SCHOOL,Los Angeles,Los Angeles,App,70,36,31
MILKEN COMMUNITY SCHOOL51727,MILKEN COMMUNITY SCHOOL,Los Angeles,Los Angeles,Adm,42,21,19
MILKEN COMMUNITY SCHOOL51727,MILKEN COMMUNITY SCHOOL,Los Angeles,Los Angeles,Enr,13,9,4
MISSION COLLEGE PREP CATH HS53140,MISSION COLLEGE PREP CATH HS,San Luis Obispo,San Luis Obispo,App,39,22,16
MISSION COLLEGE PREP CATH HS53140,MISSION COLLEGE PREP CATH HS,San Luis Obispo,San Luis Obispo,Adm,21,9,11
MISSION COLLEGE PREP CATH HS53140,MISSION COLLEGE PREP CATH HS,San Luis Obispo,San Luis Obispo,Enr,8,5,3
MODESTO CHRISTIAN HS51990,MODESTO CHRISTIAN HS,Modesto,Stanislaus,App,8,5,
MODESTO CHRISTIAN HS51990,MODESTO CHRISTIAN HS,Modesto,Stanislaus,Adm,4,,
MONTE VISTA CHRISTIAN HS53705,MONTE VISTA CHRISTIAN HS,Watsonville,Santa Cruz,App,87,40,46
MONTE VISTA CHRISTIAN HS53705,MONTE VISTA CHRISTIAN HS,Watsonville,Santa Cruz,Adm,45,22,23
MONTE VISTA CHRISTIAN HS53705,MONTE VISTA CHRISTIAN HS,Watsonville,Santa Cruz,Enr,29,14,15
MONTEREY BAY ACADEMY53700,MONTEREY BAY ACADEMY,La Selva Beach,Santa Cruz,App,13,,9
MONTEREY BAY ACADEMY53700,MONTEREY BAY ACADEMY,La Selva Beach,Santa Cruz,Adm,8,4,4
MONTEREY BAY ACADEMY53700,MONTEREY BAY ACADEMY,La Selva Beach,Santa Cruz,Enr,4,,3
MOREAU CATHOLIC HIGH SCHOOL51156,MOREAU CATHOLIC HIGH SCHOOL,Hayward,Alameda,App,132,72,59
MOREAU CATHOLIC HIGH SCHOOL51156,MOREAU CATHOLIC HIGH SCHOOL,Hayward,Alameda,Adm,77,46,30
MOREAU CATHOLIC HIGH SCHOOL51156,MOREAU CATHOLIC HIGH SCHOOL,Hayward,Alameda,Enr,37,24,13
MOUNT MADONNA SCHOOL53711,MOUNT MADONNA SCHOOL,Watsonville,Santa Cruz,App,8,,5
MOUNT MADONNA SCHOOL53711,MOUNT MADONNA SCHOOL,Watsonville,Santa Cruz,Adm,5,3,
MOUNT MADONNA SCHOOL53711,MOUNT MADONNA SCHOOL,Watsonville,Santa Cruz,Enr,3,3,
MOUNTAIN VIEW ACADEMY52065,MOUNTAIN VIEW ACADEMY,Mountain View,Santa Clara,App,7,,
MOUNTAIN VIEW ACADEMY52065,MOUNTAIN VIEW ACADEMY,Mountain View,Santa Clara,Adm,6,4,
MOUNTAIN VIEW ACADEMY52065,MOUNTAIN VIEW ACADEMY,Mountain View,Santa Clara,Enr,5,3,
NEW COVENANT ACADEMY51729,NEW COVENANT ACADEMY,Los Angeles,Los Angeles,App,11,,7
NEW COVENANT ACADEMY51729,NEW COVENANT ACADEMY,Los Angeles,Los Angeles,Adm,11,4,7
NEW COVENANT ACADEMY51729,NEW COVENANT ACADEMY,Los Angeles,Los Angeles,Enr,6,,5
NEW ROADS SCHOOL53287,NEW ROADS SCHOOL,Santa Monica,Los Angeles,App,60,33,27
NEW ROADS SCHOOL53287,NEW ROADS SCHOOL,Santa Monica,Los Angeles,Adm,43,25,18
NEW ROADS SCHOOL53287,NEW ROADS SCHOOL,Santa Monica,Los Angeles,Enr,13,9,4
NEWBURY PARK ADVENTIST ACAD52115,NEWBURY PARK ADVENTIST ACAD,Newbury Park,Ventura,Adm,3,3,
NOTRE DAME ACADEMY51730,NOTRE DAME ACADEMY,Los Angeles,Los Angeles,App,56,56,
NOTRE DAME ACADEMY51730,NOTRE DAME ACADEMY,Los Angeles,Los Angeles,Adm,29,29,
NOTRE DAME ACADEMY51730,NOTRE DAME ACADEMY,Los Angeles,Los Angeles,Enr,12,12,
NOTRE DAME HIGH SCHOOL50275,NOTRE DAME HIGH SCHOOL,Belmont,San Mateo,App,52,51,
NOTRE DAME HIGH SCHOOL50275,NOTRE DAME HIGH SCHOOL,Belmont,San Mateo,Adm,23,23,
NOTRE DAME HIGH SCHOOL50275,NOTRE DAME HIGH SCHOOL,Belmont,San Mateo,Enr,7,7,
NOTRE DAME HIGH SCHOOL52663,NOTRE DAME HIGH SCHOOL,Riverside,Riverside,App,76,37,39
NOTRE DAME HIGH SCHOOL52663,NOTRE DAME HIGH SCHOOL,Riverside,Riverside,Adm,43,25,18
NOTRE DAME HIGH SCHOOL52663,NOTRE DAME HIGH SCHOOL,Riverside,Riverside,Enr,27,14,13
NOTRE DAME HIGH SCHOOL52748,NOTRE DAME HIGH SCHOOL,Salinas,Monterey,App,19,19,
NOTRE DAME HIGH SCHOOL52748,NOTRE DAME HIGH SCHOOL,Salinas,Monterey,Adm,9,9,
NOTRE DAME HIGH SCHOOL52748,NOTRE DAME HIGH SCHOOL,Salinas,Monterey,Enr,3,3,
NOTRE DAME HIGH SCHOOL53095,NOTRE DAME HIGH SCHOOL,San Jose,Santa Clara,App,107,105,
NOTRE DAME HIGH SCHOOL53095,NOTRE DAME HIGH SCHOOL,San Jose,Santa Clara,Adm,67,65,
NOTRE DAME HIGH SCHOOL53095,NOTRE DAME HIGH SCHOOL,San Jose,Santa Clara,Enr,31,31,
NOTRE DAME HIGH SCHOOL53370,NOTRE DAME HIGH SCHOOL,Sherman Oaks,Los Angeles,App,160,94,65
NOTRE DAME HIGH SCHOOL53370,NOTRE DAME HIGH SCHOOL,Sherman Oaks,Los Angeles,Adm,89,54,34
NOTRE DAME HIGH SCHOOL53370,NOTRE DAME HIGH SCHOOL,Sherman Oaks,Los Angeles,Enr,42,25,16
NUEVA SCHOOL51213,NUEVA SCHOOL,San Mateo,San Mateo,App,38,17,18
NUEVA SCHOOL51213,NUEVA SCHOOL,San Mateo,San Mateo,Adm,23,10,11
OAK GROVE SCHOOL52261,OAK GROVE SCHOOL,Ojai,Ventura,App,8,,
OAK GROVE SCHOOL52261,OAK GROVE SCHOOL,Ojai,Ventura,Adm,6,3,3
OAK GROVE SCHOOL52261,OAK GROVE SCHOOL,Ojai,Ventura,Enr,4,,
OAKS CHRISTIAN SCHOOL53746,OAKS CHRISTIAN SCHOOL,Westlake Village,Ventura,App,102,47,55
OAKS CHRISTIAN SCHOOL53746,OAKS CHRISTIAN SCHOOL,Westlake Village,Ventura,Adm,58,27,31
OAKS CHRISTIAN SCHOOL53746,OAKS CHRISTIAN SCHOOL,Westlake Village,Ventura,Enr,20,8,12
OAKWOOD SCHOOL52042,OAKWOOD SCHOOL,Morgan Hill,Santa Clara,App,26,12,14
OAKWOOD SCHOOL52042,OAKWOOD SCHOOL,Morgan Hill,Santa Clara,Adm,18,9,9
OAKWOOD SCHOOL52042,OAKWOOD SCHOOL,Morgan Hill,Santa Clara,Enr,9,3,6
OAKWOOD SCHOOL52146,OAKWOOD SCHOOL,North Hollywood,Los Angeles,App,47,24,22
OAKWOOD SCHOOL52146,OAKWOOD SCHOOL,North Hollywood,Los Angeles,Adm,30,17,12
OAKWOOD SCHOOL52146,OAKWOOD SCHOOL,North Hollywood,Los Angeles,Enr,5,,
OCEAN VIEW CHRISTIAN ACADEMY51248,OCEAN VIEW CHRISTIAN ACADEMY,San Diego,San Diego,App,5,,
OCEAN VIEW CHRISTIAN ACADEMY51248,OCEAN VIEW CHRISTIAN ACADEMY,San Diego,San Diego,Adm,4,,3
OJAI VALLEY SCHOOL52262,OJAI VALLEY SCHOOL,Ojai,Ventura,App,10,5,5
OJAI VALLEY SCHOOL52262,OJAI VALLEY SCHOOL,Ojai,Ventura,Adm,9,4,5
OJAI VALLEY SCHOOL52262,OJAI VALLEY SCHOOL,Ojai,Ventura,Enr,6,,4
ONTARIO CHRISTIAN HIGH SCHOOL52278,ONTARIO CHRISTIAN HIGH SCHOOL,Ontario,San Bernardino,App,27,17,10
ONTARIO CHRISTIAN HIGH SCHOOL52278,ONTARIO CHRISTIAN HIGH SCHOOL,Ontario,San Bernardino,Adm,15,11,4
ONTARIO CHRISTIAN HIGH SCHOOL52278,ONTARIO CHRISTIAN HIGH SCHOOL,Ontario,San Bernardino,Enr,6,4,
ORANGEWOOD ADVENTIST ACADEMY51031,ORANGEWOOD ADVENTIST ACADEMY,Garden Grove,Orange,App,9,,7
ORANGEWOOD ADVENTIST ACADEMY51031,ORANGEWOOD ADVENTIST ACADEMY,Garden Grove,Orange,Adm,5,,4
ORANGEWOOD ADVENTIST ACADEMY51031,ORANGEWOOD ADVENTIST ACADEMY,Garden Grove,Orange,Enr,3,,
ORINDA ACADEMY52309,ORINDA ACADEMY,Orinda,Contra Costa,App,7,,
ORINDA ACADEMY52309,ORINDA ACADEMY,Orinda,Contra Costa,Adm,4,,3
ORINDA ACADEMY52309,ORINDA ACADEMY,Orinda,Contra Costa,Enr,4,,3
PACIFIC ACADEMY IRVINE54554,PACIFIC ACADEMY IRVINE,Irvine,Orange,App,16,13,
PACIFIC ACADEMY IRVINE54554,PACIFIC ACADEMY IRVINE,Irvine,Orange,Adm,15,12,3
PACIFIC ACADEMY IRVINE54554,PACIFIC ACADEMY IRVINE,Irvine,Orange,Enr,11,8,3
PACIFIC ACADEMY50857,PACIFIC ACADEMY,Encinitas,San Diego,App,6,,
PACIFIC ACADEMY50857,PACIFIC ACADEMY,Encinitas,San Diego,Adm,5,3,
PACIFIC ACADEMY50857,PACIFIC ACADEMY,Encinitas,San Diego,Enr,3,,
PACIFIC BAY CHRISTIAN SCHOOL52311,PACIFIC BAY CHRISTIAN SCHOOL,Pacifica,San Mateo,App,20,12,7
PACIFIC BAY CHRISTIAN SCHOOL52311,PACIFIC BAY CHRISTIAN SCHOOL,Pacifica,San Mateo,Adm,9,7,
PACIFIC BAY CHRISTIAN SCHOOL52311,PACIFIC BAY CHRISTIAN SCHOOL,Pacifica,San Mateo,Enr,5,4,
PACIFIC RIDGE SCHOOL50449,PACIFIC RIDGE SCHOOL,Carlsbad,San Diego,App,55,21,32
PACIFIC RIDGE SCHOOL50449,PACIFIC RIDGE SCHOOL,Carlsbad,San Diego,Adm,36,12,22
PACIFIC RIDGE SCHOOL50449,PACIFIC RIDGE SCHOOL,Carlsbad,San Diego,Enr,12,4,7
PACIFIC UNION COLLEGE PREP SCH50105,PACIFIC UNION COLLEGE PREP SCH,Angwin,Napa,App,5,5,
PACIFICA CHRISTIAN HS ORANGE54827,PACIFICA CHRISTIAN HS ORANGE,Newport Beach,Orange,App,6,6,
PACIFICA CHRISTIAN HS ORANGE54827,PACIFICA CHRISTIAN HS ORANGE,Newport Beach,Orange,Adm,4,4,
PACIFICA CHRISTIAN HS54005,PACIFICA CHRISTIAN HS,Santa Monica,Los Angeles,App,33,16,17
PACIFICA CHRISTIAN HS54005,PACIFICA CHRISTIAN HS,Santa Monica,Los Angeles,Adm,18,11,7
PACIFICA CHRISTIAN HS54005,PACIFICA CHRISTIAN HS,Santa Monica,Los Angeles,Enr,9,7,
PALMA HIGH SCHOOL52745,PALMA HIGH SCHOOL,Salinas,Monterey,App,36,,36
PALMA HIGH SCHOOL52745,PALMA HIGH SCHOOL,Salinas,Monterey,Adm,18,,18
PALMA HIGH SCHOOL52745,PALMA HIGH SCHOOL,Salinas,Monterey,Enr,7,,7
PARACLETE HIGH SCHOOL51356,PARACLETE HIGH SCHOOL,Lancaster,Los Angeles,App,70,41,28
PARACLETE HIGH SCHOOL51356,PARACLETE HIGH SCHOOL,Lancaster,Los Angeles,Adm,38,20,17
PARACLETE HIGH SCHOOL51356,PARACLETE HIGH SCHOOL,Lancaster,Los Angeles,Enr,16,8,8
PILGRIM SCHOOL51752,PILGRIM SCHOOL,Los Angeles,Los Angeles,App,19,6,13
PILGRIM SCHOOL51752,PILGRIM SCHOOL,Los Angeles,Los Angeles,Adm,8,,6
PILGRIM SCHOOL51752,PILGRIM SCHOOL,Los Angeles,Los Angeles,Enr,3,,
PINEWOOD SCHOOL51512,PINEWOOD SCHOOL,Los Altos Hills,Santa Clara,App,30,20,10
PINEWOOD SCHOOL51512,PINEWOOD SCHOOL,Los Altos Hills,Santa Clara,Adm,19,14,5
PINEWOOD SCHOOL51512,PINEWOOD SCHOOL,Los Altos Hills,Santa Clara,Enr,7,6,
POLYTECHNIC SCHOOL52402,POLYTECHNIC SCHOOL,Pasadena,Los Angeles,App,55,22,32
POLYTECHNIC SCHOOL52402,POLYTECHNIC SCHOOL,Pasadena,Los Angeles,Adm,37,14,22
POLYTECHNIC SCHOOL52402,POLYTECHNIC SCHOOL,Pasadena,Los Angeles,Enr,6,4,
POMONA CATHOLIC HIGH SCHOOL52504,POMONA CATHOLIC HIGH SCHOOL,Pomona,Los Angeles,App,16,16,
POMONA CATHOLIC HIGH SCHOOL52504,POMONA CATHOLIC HIGH SCHOOL,Pomona,Los Angeles,Adm,7,7,
PRESENTATION HIGH SCHOOL53097,PRESENTATION HIGH SCHOOL,San Jose,Santa Clara,App,101,101,
PRESENTATION HIGH SCHOOL53097,PRESENTATION HIGH SCHOOL,San Jose,Santa Clara,Adm,59,59,
PRESENTATION HIGH SCHOOL53097,PRESENTATION HIGH SCHOOL,San Jose,Santa Clara,Enr,25,25,
PROVIDENCE HALL54239,PROVIDENCE HALL,Santa Barbara,Santa Barbara,App,5,,
PROVIDENCE HIGH SCHOOL50402,PROVIDENCE HIGH SCHOOL,Burbank,Los Angeles,App,58,32,25
PROVIDENCE HIGH SCHOOL50402,PROVIDENCE HIGH SCHOOL,Burbank,Los Angeles,Adm,30,14,16
PROVIDENCE HIGH SCHOOL50402,PROVIDENCE HIGH SCHOOL,Burbank,Los Angeles,Enr,14,8,6
QUARRY LANE SCHOOL50903,QUARRY LANE SCHOOL,Dublin,Alameda,App,47,21,26
QUARRY LANE SCHOOL50903,QUARRY LANE SCHOOL,Dublin,Alameda,Adm,41,19,22
QUARRY LANE SCHOOL50903,QUARRY LANE SCHOOL,Dublin,Alameda,Enr,20,9,11
RAMONA CONVENT SECONDARY SCH50060,RAMONA CONVENT SECONDARY SCH,Alhambra,Los Angeles,App,40,40,
RAMONA CONVENT SECONDARY SCH50060,RAMONA CONVENT SECONDARY SCH,Alhambra,Los Angeles,Adm,13,13,
RAMONA CONVENT SECONDARY SCH50060,RAMONA CONVENT SECONDARY SCH,Alhambra,Los Angeles,Enr,8,8,
RANCHO CHRISTIAN HIGH SCHOOL54418,RANCHO CHRISTIAN HIGH SCHOOL,Temecula,Riverside,App,23,8,15
RANCHO CHRISTIAN HIGH SCHOOL54418,RANCHO CHRISTIAN HIGH SCHOOL,Temecula,Riverside,Adm,9,3,6
RANCHO CHRISTIAN HIGH SCHOOL54418,RANCHO CHRISTIAN HIGH SCHOOL,Temecula,Riverside,Enr,5,,3
REDLANDS ADVENTIST ACADEMY52957,REDLANDS ADVENTIST ACADEMY,Redlands,San Bernardino,App,6,,
REDLANDS ADVENTIST ACADEMY52957,REDLANDS ADVENTIST ACADEMY,Redlands,San Bernardino,Adm,6,3,3
REDWOOD CHRISTIAN JR-SR HS50499,REDWOOD CHRISTIAN JR-SR HS,San Lorenzo,Alameda,App,24,8,16
REDWOOD CHRISTIAN JR-SR HS50499,REDWOOD CHRISTIAN JR-SR HS,San Lorenzo,Alameda,Adm,19,6,13
REDWOOD CHRISTIAN JR-SR HS50499,REDWOOD CHRISTIAN JR-SR HS,San Lorenzo,Alameda,Enr,11,4,7
RENAISSANCE SCHOOL ARTS & SCI54419,RENAISSANCE SCHOOL ARTS & SCI,San Pedro,Los Angeles,Adm,3,,
RIBET ACADEMY51058,RIBET ACADEMY,Los Angeles,Los Angeles,App,17,7,10
RIBET ACADEMY51058,RIBET ACADEMY,Los Angeles,Los Angeles,Adm,13,6,7
RIBET ACADEMY51058,RIBET ACADEMY,Los Angeles,Los Angeles,Enr,6,,4
RINCON VALLEY CHRISTIAN SCHOOL53324,RINCON VALLEY CHRISTIAN SCHOOL,Santa Rosa,Sonoma,Adm,3,3,
RINCON VALLEY CHRISTIAN SCHOOL53324,RINCON VALLEY CHRISTIAN SCHOOL,Santa Rosa,Sonoma,Enr,3,3,
RIO HONDO PREP SCHOOL50133,RIO HONDO PREP SCHOOL,Arcadia,Los Angeles,App,12,5,7
RIO HONDO PREP SCHOOL50133,RIO HONDO PREP SCHOOL,Arcadia,Los Angeles,Adm,8,4,4
RIO HONDO PREP SCHOOL50133,RIO HONDO PREP SCHOOL,Arcadia,Los Angeles,Enr,4,,
RIO LINDO ACADEMY51155,RIO LINDO ACADEMY,Healdsburg,Sonoma,App,5,,
RIO LINDO ACADEMY51155,RIO LINDO ACADEMY,Healdsburg,Sonoma,Adm,4,3,
ROBERT L STEVENSON HIGH SCHOOL52435,ROBERT L STEVENSON HIGH SCHOOL,Pebble Beach,Monterey,App,76,36,37
ROBERT L STEVENSON HIGH SCHOOL52435,ROBERT L STEVENSON HIGH SCHOOL,Pebble Beach,Monterey,Adm,52,24,27
ROBERT L STEVENSON HIGH SCHOOL52435,ROBERT L STEVENSON HIGH SCHOOL,Pebble Beach,Monterey,Enr,13,6,7
ROCK ACADEMY54186,ROCK ACADEMY,San Diego,San Diego,App,5,5,
ROCK ACADEMY54186,ROCK ACADEMY,San Diego,San Diego,Adm,3,3,
ROLLING HILLS PREP SCHOOL52681,ROLLING HILLS PREP SCHOOL,San Pedro,Los Angeles,App,16,8,8
ROLLING HILLS PREP SCHOOL52681,ROLLING HILLS PREP SCHOOL,San Pedro,Los Angeles,Adm,13,6,7
ROLLING HILLS PREP SCHOOL52681,ROLLING HILLS PREP SCHOOL,San Pedro,Los Angeles,Enr,6,3,3
ROSARY ACADEMY51007,ROSARY ACADEMY,Fullerton,Orange,App,50,50,
ROSARY ACADEMY51007,ROSARY ACADEMY,Fullerton,Orange,Adm,30,30,
ROSARY ACADEMY51007,ROSARY ACADEMY,Fullerton,Orange,Enr,13,13,
ROSE AND ALEX PILIBOS ARMENIAN51758,ROSE AND ALEX PILIBOS ARMENIAN,Los Angeles,Los Angeles,App,43,25,18
ROSE AND ALEX PILIBOS ARMENIAN51758,ROSE AND ALEX PILIBOS ARMENIAN,Los Angeles,Los Angeles,Adm,18,12,6
ROSE AND ALEX PILIBOS ARMENIAN51758,ROSE AND ALEX PILIBOS ARMENIAN,Los Angeles,Los Angeles,Enr,10,6,4
SACRAMENTO ADVENTIST ACADEMY50483,SACRAMENTO ADVENTIST ACADEMY,Carmichael,Sacramento,App,11,,7
SACRAMENTO ADVENTIST ACADEMY50483,SACRAMENTO ADVENTIST ACADEMY,Carmichael,Sacramento,Adm,8,4,4
SACRAMENTO ADVENTIST ACADEMY50483,SACRAMENTO ADVENTIST ACADEMY,Carmichael,Sacramento,Enr,7,3,4
SACRAMENTO COUNTRY DAY SCHOOL52733,SACRAMENTO COUNTRY DAY SCHOOL,Sacramento,Sacramento,App,22,13,9
SACRAMENTO COUNTRY DAY SCHOOL52733,SACRAMENTO COUNTRY DAY SCHOOL,Sacramento,Sacramento,Adm,18,12,6
SACRAMENTO COUNTRY DAY SCHOOL52733,SACRAMENTO COUNTRY DAY SCHOOL,Sacramento,Sacramento,Enr,7,6,
SACRAMENTO WALDORF SCHOOL50920,SACRAMENTO WALDORF SCHOOL,Fair Oaks,Sacramento,App,19,12,6
SACRAMENTO WALDORF SCHOOL50920,SACRAMENTO WALDORF SCHOOL,Fair Oaks,Sacramento,Adm,9,4,5
SACRAMENTO WALDORF SCHOOL50920,SACRAMENTO WALDORF SCHOOL,Fair Oaks,Sacramento,Enr,3,,
SACRED HEART CATHEDRAL PREP53005,SACRED HEART CATHEDRAL PREP,San Francisco,San Francisco,App,184,88,95
SACRED HEART CATHEDRAL PREP53005,SACRED HEART CATHEDRAL PREP,San Francisco,San Francisco,Adm,101,47,54
SACRED HEART CATHEDRAL PREP53005,SACRED HEART CATHEDRAL PREP,San Francisco,San Francisco,Enr,42,22,20
SACRED HEART HIGH SCHOOL51760,SACRED HEART HIGH SCHOOL,Los Angeles,Los Angeles,App,32,32,
SACRED HEART HIGH SCHOOL51760,SACRED HEART HIGH SCHOOL,Los Angeles,Los Angeles,Adm,18,18,
SACRED HEART HIGH SCHOOL51760,SACRED HEART HIGH SCHOOL,Los Angeles,Los Angeles,Enr,8,8,
SACRED HEART PREPARATORY SCH51955,SACRED HEART PREPARATORY SCH,Atherton,San Mateo,App,71,35,35
SACRED HEART PREPARATORY SCH51955,SACRED HEART PREPARATORY SCH,Atherton,San Mateo,Adm,40,20,19
SACRED HEART PREPARATORY SCH51955,SACRED HEART PREPARATORY SCH,Atherton,San Mateo,Enr,8,4,4
SADDLEBACK VALLEY CHRSTN SCH53144,SADDLEBACK VALLEY CHRSTN SCH,San Juan Capistrano,Orange,App,19,10,9
SADDLEBACK VALLEY CHRSTN SCH53144,SADDLEBACK VALLEY CHRSTN SCH,San Juan Capistrano,Orange,Adm,16,8,8
SADDLEBACK VALLEY CHRSTN SCH53144,SADDLEBACK VALLEY CHRSTN SCH,San Juan Capistrano,Orange,Enr,7,,5
SAGE HILL SCHOOL52124,SAGE HILL SCHOOL,Newport Coast,Orange,App,81,39,39
SAGE HILL SCHOOL52124,SAGE HILL SCHOOL,Newport Coast,Orange,Adm,54,23,29
SAGE HILL SCHOOL52124,SAGE HILL SCHOOL,Newport Coast,Orange,Enr,15,7,7
SAINT ANTHONY HIGH SCHOOL51500,SAINT ANTHONY HIGH SCHOOL,Long Beach,Los Angeles,App,45,24,21
SAINT ANTHONY HIGH SCHOOL51500,SAINT ANTHONY HIGH SCHOOL,Long Beach,Los Angeles,Adm,22,12,10
SAINT ANTHONY HIGH SCHOOL51500,SAINT ANTHONY HIGH SCHOOL,Long Beach,Los Angeles,Enr,5,3,
SAINT AUGUSTINE HIGH SCHOOL52880,SAINT AUGUSTINE HIGH SCHOOL,San Diego,San Diego,App,74,,74
SAINT AUGUSTINE HIGH SCHOOL52880,SAINT AUGUSTINE HIGH SCHOOL,San Diego,San Diego,Adm,42,,42
SAINT AUGUSTINE HIGH SCHOOL52880,SAINT AUGUSTINE HIGH SCHOOL,San Diego,San Diego,Enr,25,,25
SAINT BERNARD HIGH SCHOOL52487,SAINT BERNARD HIGH SCHOOL,Playa Del Rey,Los Angeles,App,39,18,21
SAINT BERNARD HIGH SCHOOL52487,SAINT BERNARD HIGH SCHOOL,Playa Del Rey,Los Angeles,Adm,17,10,7
SAINT BERNARD HIGH SCHOOL52487,SAINT BERNARD HIGH SCHOOL,Playa Del Rey,Los Angeles,Enr,8,4,4
SAINT BONAVENTURE HIGH SCHOOL53650,SAINT BONAVENTURE HIGH SCHOOL,Ventura,Ventura,App,20,15,5
SAINT BONAVENTURE HIGH SCHOOL53650,SAINT BONAVENTURE HIGH SCHOOL,Ventura,Ventura,Adm,11,8,3
SAINT BONAVENTURE HIGH SCHOOL53650,SAINT BONAVENTURE HIGH SCHOOL,Ventura,Ventura,Enr,7,5,
SAINT FRANCIS HIGH SCHOOL51311,SAINT FRANCIS HIGH SCHOOL,La Canada,Los Angeles,App,69,,67
SAINT FRANCIS HIGH SCHOOL51311,SAINT FRANCIS HIGH SCHOOL,La Canada,Los Angeles,Adm,38,,37
SAINT FRANCIS HIGH SCHOOL51311,SAINT FRANCIS HIGH SCHOOL,La Canada,Los Angeles,Enr,13,,13
SAINT FRANCIS HIGH SCHOOL52077,SAINT FRANCIS HIGH SCHOOL,Mountain View,Santa Clara,App,223,121,99
SAINT FRANCIS HIGH SCHOOL52077,SAINT FRANCIS HIGH SCHOOL,Mountain View,Santa Clara,Adm,120,66,54
SAINT FRANCIS HIGH SCHOOL52077,SAINT FRANCIS HIGH SCHOOL,Mountain View,Santa Clara,Enr,40,22,18
SAINT FRANCIS HIGH SCHOOL52698,SAINT FRANCIS HIGH SCHOOL,Sacramento,Sacramento,App,107,104,
SAINT FRANCIS HIGH SCHOOL52698,SAINT FRANCIS HIGH SCHOOL,Sacramento,Sacramento,Adm,53,52,
SAINT FRANCIS HIGH SCHOOL52698,SAINT FRANCIS HIGH SCHOOL,Sacramento,Sacramento,Enr,24,24,
SAINT GENEVIEVE HIGH SCHOOL53631,SAINT GENEVIEVE HIGH SCHOOL,Panorama City,Los Angeles,App,64,38,26
SAINT GENEVIEVE HIGH SCHOOL53631,SAINT GENEVIEVE HIGH SCHOOL,Panorama City,Los Angeles,Adm,28,16,12
SAINT GENEVIEVE HIGH SCHOOL53631,SAINT GENEVIEVE HIGH SCHOOL,Panorama City,Los Angeles,Enr,18,12,6
SAINT IGNATIUS COLLEGE PREP SC53010,SAINT IGNATIUS COLLEGE PREP SC,San Francisco,San Francisco,App,235,130,105
SAINT IGNATIUS COLLEGE PREP SC53010,SAINT IGNATIUS COLLEGE PREP SC,San Francisco,San Francisco,Adm,150,91,59
SAINT IGNATIUS COLLEGE PREP SC53010,SAINT IGNATIUS COLLEGE PREP SC,San Francisco,San Francisco,Enr,56,37,19
SAINT JOHN BOSCO HIGH SCHOOL50260,SAINT JOHN BOSCO HIGH SCHOOL,Bellflower,Los Angeles,App,90,,85
SAINT JOHN BOSCO HIGH SCHOOL50260,SAINT JOHN BOSCO HIGH SCHOOL,Bellflower,Los Angeles,Adm,42,,40
SAINT JOHN BOSCO HIGH SCHOOL50260,SAINT JOHN BOSCO HIGH SCHOOL,Bellflower,Los Angeles,Enr,22,,21
SAINT JOSEPH ACADEMY53155,SAINT JOSEPH ACADEMY,San Marcos,San Diego,Adm,3,3,
SAINT JOSEPH HIGH SCHOOL51349,SAINT JOSEPH HIGH SCHOOL,Lakewood,Los Angeles,App,45,45,
SAINT JOSEPH HIGH SCHOOL51349,SAINT JOSEPH HIGH SCHOOL,Lakewood,Los Angeles,Adm,22,22,
SAINT JOSEPH HIGH SCHOOL51349,SAINT JOSEPH HIGH SCHOOL,Lakewood,Los Angeles,Enr,11,11,
SAINT JOSEPH HIGH SCHOOL53304,SAINT JOSEPH HIGH SCHOOL,Santa Maria,Santa Barbara,App,32,13,18
SAINT JOSEPH HIGH SCHOOL53304,SAINT JOSEPH HIGH SCHOOL,Santa Maria,Santa Barbara,Adm,15,6,8
SAINT JOSEPH-NOTRE DAME HS50020,SAINT JOSEPH-NOTRE DAME HS,Alameda,Alameda,App,50,34,16
SAINT JOSEPH-NOTRE DAME HS50020,SAINT JOSEPH-NOTRE DAME HS,Alameda,Alameda,Adm,32,22,10
SAINT JOSEPH-NOTRE DAME HS50020,SAINT JOSEPH-NOTRE DAME HS,Alameda,Alameda,Enr,19,12,7
SAINT LUCYS PRIORY HIGH SCHOOL51075,SAINT LUCYS PRIORY HIGH SCHOOL,Glendora,Los Angeles,App,76,75,
SAINT LUCYS PRIORY HIGH SCHOOL51075,SAINT LUCYS PRIORY HIGH SCHOOL,Glendora,Los Angeles,Adm,55,55,
SAINT LUCYS PRIORY HIGH SCHOOL51075,SAINT LUCYS PRIORY HIGH SCHOOL,Glendora,Los Angeles,Enr,23,23,
SAINT MARGARETS EPISCOPAL SCH53112,SAINT MARGARETS EPISCOPAL SCH,San Juan Capistrano,Orange,App,62,31,31
SAINT MARGARETS EPISCOPAL SCH53112,SAINT MARGARETS EPISCOPAL SCH,San Juan Capistrano,Orange,Adm,38,23,15
SAINT MARGARETS EPISCOPAL SCH53112,SAINT MARGARETS EPISCOPAL SCH,San Juan Capistrano,Orange,Enr,14,10,4
SAINT MARYS ACADEMY51780,SAINT MARYS ACADEMY,Inglewood,Los Angeles,App,18,17,
SAINT MARYS ACADEMY51780,SAINT MARYS ACADEMY,Inglewood,Los Angeles,Adm,6,6,
SAINT MARYS ACADEMY51780,SAINT MARYS ACADEMY,Inglewood,Los Angeles,Enr,6,6,
SAINT MARYS COLLEGE HS50310,SAINT MARYS COLLEGE HS,Berkeley,Alameda,App,98,54,42
SAINT MARYS COLLEGE HS50310,SAINT MARYS COLLEGE HS,Berkeley,Alameda,Adm,68,37,30
SAINT MARYS COLLEGE HS50310,SAINT MARYS COLLEGE HS,Berkeley,Alameda,Enr,29,17,12
SAINT MARYS HIGH SCHOOL53435,SAINT MARYS HIGH SCHOOL,Stockton,San Joaquin,App,77,47,30
SAINT MARYS HIGH SCHOOL53435,SAINT MARYS HIGH SCHOOL,Stockton,San Joaquin,Adm,39,23,16
SAINT MARYS HIGH SCHOOL53435,SAINT MARYS HIGH SCHOOL,Stockton,San Joaquin,Enr,19,13,6
SAINT MONICA CATHOLIC HS53310,SAINT MONICA CATHOLIC HS,Santa Monica,Los Angeles,App,52,20,32
SAINT MONICA CATHOLIC HS53310,SAINT MONICA CATHOLIC HS,Santa Monica,Los Angeles,Adm,21,11,10
SAINT MONICA CATHOLIC HS53310,SAINT MONICA CATHOLIC HS,Santa Monica,Los Angeles,Enr,9,4,5
SAINT PATRICK-SAINT VINCENT HS53604,SAINT PATRICK-SAINT VINCENT HS,Vallejo,Solano,App,44,20,24
SAINT PATRICK-SAINT VINCENT HS53604,SAINT PATRICK-SAINT VINCENT HS,Vallejo,Solano,Adm,19,8,11
SAINT PATRICK-SAINT VINCENT HS53604,SAINT PATRICK-SAINT VINCENT HS,Vallejo,Solano,Enr,12,3,9
SAINT PAUL HIGH SCHOOL53761,SAINT PAUL HIGH SCHOOL,Santa Fe Springs,Los Angeles,App,46,27,19
SAINT PAUL HIGH SCHOOL53761,SAINT PAUL HIGH SCHOOL,Santa Fe Springs,Los Angeles,Adm,19,14,5
SAINT PAUL HIGH SCHOOL53761,SAINT PAUL HIGH SCHOOL,Santa Fe Springs,Los Angeles,Enr,12,9,3
SAINT PIUS X-ST MATTHIAS ACDMY51232,SAINT PIUS X-ST MATTHIAS ACDMY,Downey,Los Angeles,App,26,15,11
SAINT PIUS X-ST MATTHIAS ACDMY51232,SAINT PIUS X-ST MATTHIAS ACDMY,Downey,Los Angeles,Adm,18,12,6
SAINT PIUS X-ST MATTHIAS ACDMY51232,SAINT PIUS X-ST MATTHIAS ACDMY,Downey,Los Angeles,Enr,7,6,
SAINT VINCENT DE PAUL HIGH SCH52455,SAINT VINCENT DE PAUL HIGH SCH,Petaluma,Sonoma,App,24,18,6
SAINT VINCENT DE PAUL HIGH SCH52455,SAINT VINCENT DE PAUL HIGH SCH,Petaluma,Sonoma,Adm,9,7,
SAINT VINCENT DE PAUL HIGH SCH52455,SAINT VINCENT DE PAUL HIGH SCH,Petaluma,Sonoma,Enr,3,3,
SALESIAN COLLEGE PREPARATORY52637,SALESIAN COLLEGE PREPARATORY,Richmond,Contra Costa,App,40,23,17
SALESIAN COLLEGE PREPARATORY52637,SALESIAN COLLEGE PREPARATORY,Richmond,Contra Costa,Adm,25,15,10
SALESIAN COLLEGE PREPARATORY52637,SALESIAN COLLEGE PREPARATORY,Richmond,Contra Costa,Enr,14,6,8
SAN DIEGO JEWISH ACADEMY52946,SAN DIEGO JEWISH ACADEMY,San Diego,San Diego,App,33,19,12
SAN DIEGO JEWISH ACADEMY52946,SAN DIEGO JEWISH ACADEMY,San Diego,San Diego,Adm,19,12,5
SAN DIEGO JEWISH ACADEMY52946,SAN DIEGO JEWISH ACADEMY,San Diego,San Diego,Enr,7,5,
SAN DOMENICO SCHOOL53205,SAN DOMENICO SCHOOL,San Anselmo,Marin,App,38,37,
SAN DOMENICO SCHOOL53205,SAN DOMENICO SCHOOL,San Anselmo,Marin,Adm,33,32,
SAN DOMENICO SCHOOL53205,SAN DOMENICO SCHOOL,San Anselmo,Marin,Enr,7,7,
SAN FERNANDO VALLEY ACADEMY52151,SAN FERNANDO VALLEY ACADEMY,Northridge,Los Angeles,App,7,,
SAN FERNANDO VALLEY ACADEMY52151,SAN FERNANDO VALLEY ACADEMY,Northridge,Los Angeles,Adm,5,3,
SAN FERNANDO VALLEY ACADEMY52151,SAN FERNANDO VALLEY ACADEMY,Northridge,Los Angeles,Enr,4,,
SAN FRANCISCO CHRISTIAN SCHOOL53038,SAN FRANCISCO CHRISTIAN SCHOOL,San Francisco,San Francisco,App,8,,5
SAN FRANCISCO CHRISTIAN SCHOOL53038,SAN FRANCISCO CHRISTIAN SCHOOL,San Francisco,San Francisco,Adm,6,3,3
SAN FRANCISCO CHRISTIAN SCHOOL53038,SAN FRANCISCO CHRISTIAN SCHOOL,San Francisco,San Francisco,Enr,4,,
SAN FRANCISCO UNIVERSITY HS53039,SAN FRANCISCO UNIVERSITY HS,San Francisco,San Francisco,App,55,28,26
SAN FRANCISCO UNIVERSITY HS53039,SAN FRANCISCO UNIVERSITY HS,San Francisco,San Francisco,Adm,38,21,16
SAN FRANCISCO UNIVERSITY HS53039,SAN FRANCISCO UNIVERSITY HS,San Francisco,San Francisco,Enr,9,6,3
SAN FRANCISCO WALDORF HS53027,SAN FRANCISCO WALDORF HS,San Francisco,San Francisco,App,18,7,9
SAN FRANCISCO WALDORF HS53027,SAN FRANCISCO WALDORF HS,San Francisco,San Francisco,Adm,9,6,3
SAN FRANCISCO WALDORF HS53027,SAN FRANCISCO WALDORF HS,San Francisco,San Francisco,Enr,3,,
SAN GABRIEL ACADEMY53054,SAN GABRIEL ACADEMY,San Gabriel,Los Angeles,App,13,7,6
SAN GABRIEL ACADEMY53054,SAN GABRIEL ACADEMY,San Gabriel,Los Angeles,Adm,11,7,4
SAN GABRIEL ACADEMY53054,SAN GABRIEL ACADEMY,San Gabriel,Los Angeles,Enr,6,,4
SAN GABRIEL MISSION HIGH SCH53061,SAN GABRIEL MISSION HIGH SCH,San Gabriel,Los Angeles,App,39,38,
SAN GABRIEL MISSION HIGH SCH53061,SAN GABRIEL MISSION HIGH SCH,San Gabriel,Los Angeles,Adm,21,20,
SAN GABRIEL MISSION HIGH SCH53061,SAN GABRIEL MISSION HIGH SCH,San Gabriel,Los Angeles,Enr,10,9,
SAN JOAQUIN MEMORIAL HS50990,SAN JOAQUIN MEMORIAL HS,Fresno,Fresno,App,60,22,36
SAN JOAQUIN MEMORIAL HS50990,SAN JOAQUIN MEMORIAL HS,Fresno,Fresno,Adm,41,11,28
SAN JOAQUIN MEMORIAL HS50990,SAN JOAQUIN MEMORIAL HS,Fresno,Fresno,Enr,21,6,15
SANTA CATALINA SCHOOL52045,SANTA CATALINA SCHOOL,Monterey,Monterey,App,35,34,
SANTA CATALINA SCHOOL52045,SANTA CATALINA SCHOOL,Monterey,Monterey,Adm,19,18,
SANTA CATALINA SCHOOL52045,SANTA CATALINA SCHOOL,Monterey,Monterey,Enr,3,3,
SANTA CLARA HIGH SCHOOL52300,SANTA CLARA HIGH SCHOOL,Oxnard,Ventura,App,11,,7
SANTA CLARA HIGH SCHOOL52300,SANTA CLARA HIGH SCHOOL,Oxnard,Ventura,Adm,7,3,4
SANTA CLARA HIGH SCHOOL52300,SANTA CLARA HIGH SCHOOL,Oxnard,Ventura,Enr,7,3,4
SANTA CLARITA CHRISTIAN SCHOOL50469,SANTA CLARITA CHRISTIAN SCHOOL,Santa Clarita,Los Angeles,App,6,5,
SANTA CLARITA CHRISTIAN SCHOOL50469,SANTA CLARITA CHRISTIAN SCHOOL,Santa Clarita,Los Angeles,Adm,4,3,
SANTA CLARITA CHRISTIAN SCHOOL50469,SANTA CLARITA CHRISTIAN SCHOOL,Santa Clarita,Los Angeles,Enr,3,,
SANTA FE CHRISTIAN SCHOOL52741,SANTA FE CHRISTIAN SCHOOL,Solana Beach,San Diego,App,48,23,24
SANTA FE CHRISTIAN SCHOOL52741,SANTA FE CHRISTIAN SCHOOL,Solana Beach,San Diego,Adm,29,15,14
SANTA FE CHRISTIAN SCHOOL52741,SANTA FE CHRISTIAN SCHOOL,Solana Beach,San Diego,Enr,15,8,7
SANTA MARGARITA CATHOLIC HS52563,SANTA MARGARITA CATHOLIC HS,Rancho San Margarit,Orange,App,185,96,88
SANTA MARGARITA CATHOLIC HS52563,SANTA MARGARITA CATHOLIC HS,Rancho San Margarit,Orange,Adm,118,61,57
SANTA MARGARITA CATHOLIC HS52563,SANTA MARGARITA CATHOLIC HS,Rancho San Margarit,Orange,Enr,43,20,23
SERVITE HIGH SCHOOL50088,SERVITE HIGH SCHOOL,Anaheim,Orange,App,67,,67
SERVITE HIGH SCHOOL50088,SERVITE HIGH SCHOOL,Anaheim,Orange,Adm,37,,37
SERVITE HIGH SCHOOL50088,SERVITE HIGH SCHOOL,Anaheim,Orange,Enr,14,,14
SHALHEVET HIGH SCHOOL51792,SHALHEVET HIGH SCHOOL,Los Angeles,Los Angeles,App,31,17,14
SHALHEVET HIGH SCHOOL51792,SHALHEVET HIGH SCHOOL,Los Angeles,Los Angeles,Adm,18,8,10
SHALHEVET HIGH SCHOOL51792,SHALHEVET HIGH SCHOOL,Los Angeles,Los Angeles,Enr,5,,3
SIERRA CANYON SCHOOL54038,SIERRA CANYON SCHOOL,Chatsworth,Los Angeles,App,56,25,31
SIERRA CANYON SCHOOL54038,SIERRA CANYON SCHOOL,Chatsworth,Los Angeles,Adm,36,19,17
SIERRA CANYON SCHOOL54038,SIERRA CANYON SCHOOL,Chatsworth,Los Angeles,Enr,11,5,6
SONOMA ACADEMY53626,SONOMA ACADEMY,Santa Rosa,Sonoma,App,46,22,24
SONOMA ACADEMY53626,SONOMA ACADEMY,Santa Rosa,Sonoma,Adm,26,15,11
SONOMA ACADEMY53626,SONOMA ACADEMY,Santa Rosa,Sonoma,Enr,6,3,3
SOUTH HILLS ACADEMY54877,SOUTH HILLS ACADEMY,West Covina,Los Angeles,App,9,,6
SOUTH HILLS ACADEMY54877,SOUTH HILLS ACADEMY,West Covina,Los Angeles,Adm,6,,4
SOUTH HILLS ACADEMY54877,SOUTH HILLS ACADEMY,West Covina,Los Angeles,Enr,3,,
SOUTHLANDS CHRISTIAN HS53681,SOUTHLANDS CHRISTIAN HS,Walnut,Los Angeles,App,65,38,27
SOUTHLANDS CHRISTIAN HS53681,SOUTHLANDS CHRISTIAN HS,Walnut,Los Angeles,Adm,50,28,22
SOUTHLANDS CHRISTIAN HS53681,SOUTHLANDS CHRISTIAN HS,Walnut,Los Angeles,Enr,30,15,15
SOUTHWESTERN ACADEMY53161,SOUTHWESTERN ACADEMY,San Marino,Los Angeles,App,34,16,17
SOUTHWESTERN ACADEMY53161,SOUTHWESTERN ACADEMY,San Marino,Los Angeles,Adm,25,12,13
SOUTHWESTERN ACADEMY53161,SOUTHWESTERN ACADEMY,San Marino,Los Angeles,Enr,11,6,5
SPIRIT ACADEMY53851,SPIRIT ACADEMY,Tustin,Orange,Adm,3,,
SQUAW VALLEY ACADEMY-BAY AREA50269,SQUAW VALLEY ACADEMY-BAY AREA,Livermore,Alameda,App,7,,
SQUAW VALLEY ACADEMY-BAY AREA50269,SQUAW VALLEY ACADEMY-BAY AREA,Livermore,Alameda,Adm,3,3,
ST BERNARDS CATHOLIC HS50898,ST BERNARDS CATHOLIC HS,Eureka,Humboldt,App,12,6,6
ST BERNARDS CATHOLIC HS50898,ST BERNARDS CATHOLIC HS,Eureka,Humboldt,Adm,10,5,5
ST BERNARDS CATHOLIC HS50898,ST BERNARDS CATHOLIC HS,Eureka,Humboldt,Enr,3,3,
ST FRANCIS HS SALESIAN COL PREP53716,ST FRANCIS HS SALESIAN COL PREP,Watsonville,Santa Cruz,App,26,19,7
ST FRANCIS HS SALESIAN COL PREP53716,ST FRANCIS HS SALESIAN COL PREP,Watsonville,Santa Cruz,Adm,12,10,
ST FRANCIS HS SALESIAN COL PREP53716,ST FRANCIS HS SALESIAN COL PREP,Watsonville,Santa Cruz,Enr,3,3,
ST MONICA ACADEMY53866,ST MONICA ACADEMY,Pasadena,Los Angeles,App,5,,
STANFORD ONLINE HIGH SCHOOL54127,STANFORD ONLINE HIGH SCHOOL,Redwood City,San Mateo,App,29,20,9
STANFORD ONLINE HIGH SCHOOL54127,STANFORD ONLINE HIGH SCHOOL,Redwood City,San Mateo,Adm,20,14,6
STANFORD ONLINE HIGH SCHOOL54127,STANFORD ONLINE HIGH SCHOOL,Redwood City,San Mateo,Enr,10,9,
STUART HALL HIGH SCHOOL53029,STUART HALL HIGH SCHOOL,San Francisco,San Francisco,App,39,,38
STUART HALL HIGH SCHOOL53029,STUART HALL HIGH SCHOOL,San Francisco,San Francisco,Adm,16,,16
STUART HALL HIGH SCHOOL53029,STUART HALL HIGH SCHOOL,San Francisco,San Francisco,Enr,9,,9
SUMMERFIELD WALDORF SCHOOL53349,SUMMERFIELD WALDORF SCHOOL,Santa Rosa,Sonoma,App,8,6,
SUMMERFIELD WALDORF SCHOOL53349,SUMMERFIELD WALDORF SCHOOL,Santa Rosa,Sonoma,Adm,3,,
SUMMERFIELD WALDORF SCHOOL53349,SUMMERFIELD WALDORF SCHOOL,Santa Rosa,Sonoma,Enr,3,,
TARBUT V TORAH CMNTY DAY SCHL51269,TARBUT V TORAH CMNTY DAY SCHL,Irvine,Orange,App,22,12,9
TARBUT V TORAH CMNTY DAY SCHL51269,TARBUT V TORAH CMNTY DAY SCHL,Irvine,Orange,Adm,17,9,7
TARBUT V TORAH CMNTY DAY SCHL51269,TARBUT V TORAH CMNTY DAY SCHL,Irvine,Orange,Enr,7,4,3
THACHER SCHOOL THE52265,THACHER SCHOOL THE,Ojai,Ventura,App,34,16,17
THACHER SCHOOL THE52265,THACHER SCHOOL THE,Ojai,Ventura,Adm,22,11,10
THACHER SCHOOL THE52265,THACHER SCHOOL THE,Ojai,Ventura,Enr,6,3,
THE KINGS ACADEMY51514,THE KINGS ACADEMY,Sunnyvale,Santa Clara,App,73,36,37
THE KINGS ACADEMY51514,THE KINGS ACADEMY,Sunnyvale,Santa Clara,Adm,44,25,19
THE KINGS ACADEMY51514,THE KINGS ACADEMY,Sunnyvale,Santa Clara,Enr,18,9,9
TILDEN PREPARATORY SCHOOL54164,TILDEN PREPARATORY SCHOOL,Albany,Alameda,App,7,,5
TILDEN PREPARATORY SCHOOL54164,TILDEN PREPARATORY SCHOOL,Albany,Alameda,Adm,7,,5
TILDEN PREPARATORY SCHOOL54164,TILDEN PREPARATORY SCHOOL,Albany,Alameda,Enr,4,,3
TRI CITY CHRISTIAN SCHOOL53669,TRI CITY CHRISTIAN SCHOOL,Vista,San Diego,App,15,10,5
TRI CITY CHRISTIAN SCHOOL53669,TRI CITY CHRISTIAN SCHOOL,Vista,San Diego,Adm,12,9,3
TRI CITY CHRISTIAN SCHOOL53669,TRI CITY CHRISTIAN SCHOOL,Vista,San Diego,Enr,4,3,
TRINITY CLASSICAL ACADEMY54284,TRINITY CLASSICAL ACADEMY,Valencia,Los Angeles,App,14,6,8
TRINITY CLASSICAL ACADEMY54284,TRINITY CLASSICAL ACADEMY,Valencia,Los Angeles,Adm,10,4,6
TRINITY CLASSICAL ACADEMY54284,TRINITY CLASSICAL ACADEMY,Valencia,Los Angeles,Enr,5,,3
TURLOCK CHRISTIAN HS53564,TURLOCK CHRISTIAN HS,Turlock,Stanislaus,App,10,7,
TURLOCK CHRISTIAN HS53564,TURLOCK CHRISTIAN HS,Turlock,Stanislaus,Adm,7,5,
UPLAND CHRISTIAN ACADEMY54356,UPLAND CHRISTIAN ACADEMY,Rancho Cucamonga,San Bernardino,App,28,18,10
UPLAND CHRISTIAN ACADEMY54356,UPLAND CHRISTIAN ACADEMY,Rancho Cucamonga,San Bernardino,Adm,20,15,5
UPLAND CHRISTIAN ACADEMY54356,UPLAND CHRISTIAN ACADEMY,Rancho Cucamonga,San Bernardino,Enr,10,5,5
URBAN SCHOOL OF SAN FRANCISCO53048,URBAN SCHOOL OF SAN FRANCISCO,San Francisco,San Francisco,App,59,29,29
URBAN SCHOOL OF SAN FRANCISCO53048,URBAN SCHOOL OF SAN FRANCISCO,San Francisco,San Francisco,Adm,33,14,19
URBAN SCHOOL OF SAN FRANCISCO53048,URBAN SCHOOL OF SAN FRANCISCO,San Francisco,San Francisco,Enr,7,4,3
VACAVILLE CHRISTIAN HIGH SCHL53593,VACAVILLE CHRISTIAN HIGH SCHL,Vacaville,Solano,App,24,13,11
VACAVILLE CHRISTIAN HIGH SCHL53593,VACAVILLE CHRISTIAN HIGH SCHL,Vacaville,Solano,Adm,19,11,8
VACAVILLE CHRISTIAN HIGH SCHL53593,VACAVILLE CHRISTIAN HIGH SCHL,Vacaville,Solano,Enr,6,,4
VALLEY CHRISTIAN HIGH SCHOOL50157,VALLEY CHRISTIAN HIGH SCHOOL,Cerritos,Los Angeles,App,44,26,18
VALLEY CHRISTIAN HIGH SCHOOL50157,VALLEY CHRISTIAN HIGH SCHOOL,Cerritos,Los Angeles,Adm,26,13,13
VALLEY CHRISTIAN HIGH SCHOOL50157,VALLEY CHRISTIAN HIGH SCHOOL,Cerritos,Los Angeles,Enr,11,6,5
VALLEY CHRISTIAN HIGH SCHOOL50787,VALLEY CHRISTIAN HIGH SCHOOL,Dublin,Alameda,App,22,10,12
VALLEY CHRISTIAN HIGH SCHOOL50787,VALLEY CHRISTIAN HIGH SCHOOL,Dublin,Alameda,Adm,17,8,9
VALLEY CHRISTIAN HIGH SCHOOL50787,VALLEY CHRISTIAN HIGH SCHOOL,Dublin,Alameda,Enr,10,5,5
VALLEY CHRISTIAN HIGH SCHOOL53338,VALLEY CHRISTIAN HIGH SCHOOL,San Jose,Santa Clara,App,187,94,90
VALLEY CHRISTIAN HIGH SCHOOL53338,VALLEY CHRISTIAN HIGH SCHOOL,San Jose,Santa Clara,Adm,115,65,48
VALLEY CHRISTIAN HIGH SCHOOL53338,VALLEY CHRISTIAN HIGH SCHOOL,San Jose,Santa Clara,Enr,35,18,17
VALLEY INTERNATIONAL ACADEMY53206,VALLEY INTERNATIONAL ACADEMY,Saratoga,Santa Clara,Adm,3,,
VALLEY TORAH HIGH SCHOOL52136,VALLEY TORAH HIGH SCHOOL,North Hollywood,Los Angeles,App,12,,9
VALLEY TORAH HIGH SCHOOL52136,VALLEY TORAH HIGH SCHOOL,North Hollywood,Los Angeles,Adm,10,,8
VERBUM DEI HIGH SCHOOL51829,VERBUM DEI HIGH SCHOOL,Los Angeles,Los Angeles,App,27,,27
VERBUM DEI HIGH SCHOOL51829,VERBUM DEI HIGH SCHOOL,Los Angeles,Los Angeles,Adm,10,,10
VERBUM DEI HIGH SCHOOL51829,VERBUM DEI HIGH SCHOOL,Los Angeles,Los Angeles,Enr,4,,4
VICTORY CHRISTIAN ACADEMY51339,VICTORY CHRISTIAN ACADEMY,Chula Vista,San Diego,App,8,5,
VICTORY CHRISTIAN ACADEMY51339,VICTORY CHRISTIAN ACADEMY,Chula Vista,San Diego,Adm,5,3,
VICTORY CHRISTIAN ACADEMY51339,VICTORY CHRISTIAN ACADEMY,Chula Vista,San Diego,Enr,3,,
VIEWPOINT SCHOOL50423,VIEWPOINT SCHOOL,Calabasas,Los Angeles,App,75,37,38
VIEWPOINT SCHOOL50423,VIEWPOINT SCHOOL,Calabasas,Los Angeles,Adm,45,23,22
VIEWPOINT SCHOOL50423,VIEWPOINT SCHOOL,Calabasas,Los Angeles,Enr,12,10,
VILLAGE CHRISTIAN HIGH SCHOOL53468,VILLAGE CHRISTIAN HIGH SCHOOL,Sun Valley,Los Angeles,App,39,19,20
VILLAGE CHRISTIAN HIGH SCHOOL53468,VILLAGE CHRISTIAN HIGH SCHOOL,Sun Valley,Los Angeles,Adm,24,11,13
VILLAGE CHRISTIAN HIGH SCHOOL53468,VILLAGE CHRISTIAN HIGH SCHOOL,Sun Valley,Los Angeles,Enr,10,,8
VILLANOVA PREPARATORY SCHOOL52270,VILLANOVA PREPARATORY SCHOOL,Ojai,Ventura,App,54,22,31
VILLANOVA PREPARATORY SCHOOL52270,VILLANOVA PREPARATORY SCHOOL,Ojai,Ventura,Adm,29,12,17
VILLANOVA PREPARATORY SCHOOL52270,VILLANOVA PREPARATORY SCHOOL,Ojai,Ventura,Enr,12,6,6
VINCENT MEMORIAL CATHOLIC HS50420,VINCENT MEMORIAL CATHOLIC HS,Calexico,Imperial,App,27,14,13
VINCENT MEMORIAL CATHOLIC HS50420,VINCENT MEMORIAL CATHOLIC HS,Calexico,Imperial,Adm,11,5,6
VINCENT MEMORIAL CATHOLIC HS50420,VINCENT MEMORIAL CATHOLIC HS,Calexico,Imperial,Enr,6,,4
VISTAMAR SCHOOL53973,VISTAMAR SCHOOL,El Segundo,Los Angeles,App,43,24,19
VISTAMAR SCHOOL53973,VISTAMAR SCHOOL,El Segundo,Los Angeles,Adm,25,13,12
VISTAMAR SCHOOL53973,VISTAMAR SCHOOL,El Segundo,Los Angeles,Enr,12,6,6
VIVIAN WEBB SCHOOL50599,VIVIAN WEBB SCHOOL,Claremont,Los Angeles,App,44,43,
VIVIAN WEBB SCHOOL50599,VIVIAN WEBB SCHOOL,Claremont,Los Angeles,Adm,30,29,
VIVIAN WEBB SCHOOL50599,VIVIAN WEBB SCHOOL,Claremont,Los Angeles,Enr,4,3,
WALDORF SCH/THE PENINSULA HS54183,WALDORF SCH/THE PENINSULA HS,Mountain View,Santa Clara,App,6,5,
WALDORF SCH/THE PENINSULA HS54183,WALDORF SCH/THE PENINSULA HS,Mountain View,Santa Clara,Adm,5,5,
WALDORF SCHOOL OF SAN DIEGO HS54494,WALDORF SCHOOL OF SAN DIEGO HS,San Diego,San Diego,App,5,,
WALDORF SCHOOL OF SAN DIEGO HS54494,WALDORF SCHOOL OF SAN DIEGO HS,San Diego,San Diego,Adm,3,,
WALDORF SCHOOL ORANGE CNTY HS50559,WALDORF SCHOOL ORANGE CNTY HS,Costa Mesa,Orange,App,7,5,
WALDORF SCHOOL ORANGE CNTY HS50559,WALDORF SCHOOL ORANGE CNTY HS,Costa Mesa,Orange,Adm,5,4,
WAVERLY SCHOOL52419,WAVERLY SCHOOL,Pasadena,Los Angeles,App,14,6,8
WAVERLY SCHOOL52419,WAVERLY SCHOOL,Pasadena,Los Angeles,Adm,10,5,5
WAVERLY SCHOOL52419,WAVERLY SCHOOL,Pasadena,Los Angeles,Enr,3,,
WEBB SCHOOL OF CALIFORNIA50600,WEBB SCHOOL OF CALIFORNIA,Claremont,Los Angeles,App,45,,44
WEBB SCHOOL OF CALIFORNIA50600,WEBB SCHOOL OF CALIFORNIA,Claremont,Los Angeles,Adm,34,,33
WEBB SCHOOL OF CALIFORNIA50600,WEBB SCHOOL OF CALIFORNIA,Claremont,Los Angeles,Enr,7,,7
WEST HOLLYWOOD COLLEGE PREP54094,WEST HOLLYWOOD COLLEGE PREP,West Hollywood,Los Angeles,Adm,3,,
WESTERN CHRISTIAN HIGH SCHOOL53582,WESTERN CHRISTIAN HIGH SCHOOL,Upland,San Bernardino,App,22,13,9
WESTERN CHRISTIAN HIGH SCHOOL53582,WESTERN CHRISTIAN HIGH SCHOOL,Upland,San Bernardino,Adm,12,7,5
WESTERN CHRISTIAN HIGH SCHOOL53582,WESTERN CHRISTIAN HIGH SCHOOL,Upland,San Bernardino,Enr,7,4,3
WESTERN CHRISTIAN SCHOOLS53585,WESTERN CHRISTIAN SCHOOLS,Upland,San Bernardino,App,18,8,10
WESTERN CHRISTIAN SCHOOLS53585,WESTERN CHRISTIAN SCHOOLS,Upland,San Bernardino,Adm,9,4,5
WESTERN CHRISTIAN SCHOOLS53585,WESTERN CHRISTIAN SCHOOLS,Upland,San Bernardino,Enr,5,3,
WESTRIDGE SCHOOL FOR GIRLS52420,WESTRIDGE SCHOOL FOR GIRLS,Pasadena,Los Angeles,App,54,53,
WESTRIDGE SCHOOL FOR GIRLS52420,WESTRIDGE SCHOOL FOR GIRLS,Pasadena,Los Angeles,Adm,37,37,
WESTRIDGE SCHOOL FOR GIRLS52420,WESTRIDGE SCHOOL FOR GIRLS,Pasadena,Los Angeles,Enr,7,7,
WHITTIER CHRISTIAN HIGH SCHOOL53763,WHITTIER CHRISTIAN HIGH SCHOOL,La Habra,Orange,App,47,23,24
WHITTIER CHRISTIAN HIGH SCHOOL53763,WHITTIER CHRISTIAN HIGH SCHOOL,La Habra,Orange,Adm,31,17,14
WHITTIER CHRISTIAN HIGH SCHOOL53763,WHITTIER CHRISTIAN HIGH SCHOOL,La Habra,Orange,Enr,19,13,6
WILDWOOD SCHOOL51852,WILDWOOD SCHOOL,Los Angeles,Los Angeles,App,37,16,18
WILDWOOD SCHOOL51852,WILDWOOD SCHOOL,Los Angeles,Los Angeles,Adm,19,11,7
WINDWARD SCHOOL53323,WINDWARD SCHOOL,Los Angeles,Los Angeles,App,57,31,25
WINDWARD SCHOOL53323,WINDWARD SCHOOL,Los Angeles,Los Angeles,Adm,30,15,14
WINDWARD SCHOOL53323,WINDWARD SCHOOL,Los Angeles,Los Angeles,Enr,8,5,3
WISDOM MISSION SCHOOL54014,WISDOM MISSION SCHOOL,Cypress,Orange,Adm,3,,
WOODCREST CHRISTIAN SCHOOL52677,WOODCREST CHRISTIAN SCHOOL,Riverside,Riverside,App,24,8,15
WOODCREST CHRISTIAN SCHOOL52677,WOODCREST CHRISTIAN SCHOOL,Riverside,Riverside,Adm,17,7,10
WOODCREST CHRISTIAN SCHOOL52677,WOODCREST CHRISTIAN SCHOOL,Riverside,Riverside,Enr,10,4,6
WOODLAND CHRISTIAN HIGH SCHOOL53850,WOODLAND CHRISTIAN HIGH SCHOOL,Woodland,Yolo,App,10,,7
WOODLAND CHRISTIAN HIGH SCHOOL53850,WOODLAND CHRISTIAN HIGH SCHOOL,Woodland,Yolo,Adm,4,,
WOODSIDE INTERNATIONAL SCHOOL53044,WOODSIDE INTERNATIONAL SCHOOL,San Francisco,San Francisco,Adm,3,,
WOODSIDE PRIORY SCHOOL52527,WOODSIDE PRIORY SCHOOL,Portola Valley,San Mateo,App,39,19,19
WOODSIDE PRIORY SCHOOL52527,WOODSIDE PRIORY SCHOOL,Portola Valley,San Mateo,Adm,29,15,14
WOODSIDE PRIORY SCHOOL52527,WOODSIDE PRIORY SCHOOL,Portola Valley,San Mateo,Enr,9,3,6
XAVIER COLLEGE PREPARATORY HS54103,XAVIER COLLEGE PREPARATORY HS,Palm Desert,Riverside,App,70,43,27
XAVIER COLLEGE PREPARATORY HS54103,XAVIER COLLEGE PREPARATORY HS,Palm Desert,Riverside,Adm,40,26,14
XAVIER COLLEGE PREPARATORY HS54103,XAVIER COLLEGE PREPARATORY HS,Palm Desert,Riverside,Enr,19,13,6
YESHIVA UNIV HS LOS ANGELES51843,YESHIVA UNIV HS LOS ANGELES,Los Angeles,Los Angeles,App,18,14,
YESHIVA UNIV HS LOS ANGELES51843,YESHIVA UNIV HS LOS ANGELES,Los Angeles,Los Angeles,Adm,14,11,
YESHIVA UNIV HS LOS ANGELES51843,YESHIVA UNIV HS LOS ANGELES,Los Angeles,Los Angeles,Enr,5,5,
YORK SCHOOL52053,YORK SCHOOL,Monterey,Monterey,App,35,23,12
YORK SCHOOL52053,YORK SCHOOL,Monterey,Monterey,Adm,21,15,6
YORK SCHOOL52053,YORK SCHOOL,Monterey,Monterey,Enr,11,7,4
